SMILES,exp (nM),exp_method
O=C(CCSc1nc2ccccc2c(=O)[nH]1)N[C@H]1CC[C@@H](CC1)Oc1ccccn1,0.0882,IC50
Clc1ccc(O[C@H]2CC[C@@H](CC2)NC(=O)CCSc2nc3ccccc3c(=O)[nH]2)cc1,0.0982,IC50
Cc1cccc2c1nc(CCC(=O)Nc1ccc(cc1)C(=O)Nc1cccc3cccnc13)[nH]c2=O,0.100,IC50
O=C(CCCc1nc2ccccc2c(=O)[nH]1)N[C@H]1CC[C@@H](CC1)c1ncc(o1)-c1ccccc1,0.16,IC50
COc1ccc(cn1)C(=O)C1CCN(CC1)C(=O)CCCc1cn2cc(F)cc2c(=O)[nH]1,0.160,IC50
COc1ccc(cc1)C(=O)C1CCN(CC1)C(=O)CCCc1cn2cc(F)cc2c(=O)[nH]1,0.170,IC50
Clc1ccc(cc1)-c1nnc(o1)[C@H]1CC[C@@H](CC1)NC(=O)CCSc1nc2ccccc2c(=O)[nH]1,0.179,IC50
COc1ccc(cc1)C(=O)C1CCN(CC1)C(=O)CCCc1cn2c(C)ccc2c(=O)[nH]1,0.180,IC50
CCN(C(=O)N1CCC(CC1)C(=O)c1ccc2cnn(C)c2c1)c1ccc(cc1)C(O)=O,0.190,IC50
C[C@H](CC(=O)N1CCC(CC1)C(=O)c1cnn(C)c1)Cc1nc2ccccc2c(=O)[nH]1,0.190,IC50
COc1ccc(cc1C)C(=O)C1CCN(CC1)C(=O)CCCc1nc2c(C)scc2c(=O)[nH]1,0.190,IC50
COc1ccc(cc1)-c1nnc(o1)[C@H]1CC[C@@H](CC1)NC(=O)CCCc1nc2ccccc2c(=O)[nH]1,0.191,IC50
FC(F)(F)c1ccc2n(C3CCN(CC3)C(=O)CCCc3nc4ccccc4c(=O)[nH]3)c(=O)[nH]c2c1,0.193,IC50
Fc1ccc(cc1Cl)-c1nnc(o1)[C@H]1CC[C@@H](CC1)NC(=O)CCCc1nc2ccccc2c(=O)[nH]1,0.196,IC50
C[C@H](CC(=O)N1CCC(CC1)C(=O)c1cnn(C)c1)Cc1nc2c(C)cc(F)cc2c(=O)[nH]1,0.200,IC50
O=C(CCc1nc2ccccc2c(=O)[nH]1)Nc1ccc(cc1)C(=O)Nc1cccc2cccnc12,0.200000,IC50
O=C(CCCc1nc2ccccc2c(=O)[nH]1)N1CCC(CC1)n1c2cccc(C#N)c2[nH]c1=O,0.206,IC50
Cn1cc(cn1)C(=O)C1CCN(CC1)C(=O)CC(C)(C)Cc1cc2ccccc2c(=O)[nH]1,0.210,IC50
C[C@H](CC(=O)N1CCC(CC1)C(=O)c1cccc(c1)C(O)=O)Cc1nc2c(C)cc(F)cc2c(=O)[nH]1,0.220,IC50
Clc1ccc2n([C@H]3CC[C@@H](CC3)NC(=O)CCc3nc4ccccc4c(=O)[nH]3)c(=O)[nH]c2c1,0.227,IC50
Fc1cccc(c1)-c1nnc(o1)[C@H]1CC[C@@H](CC1)NC(=O)CCCc1nc2ccccc2c(=O)[nH]1,0.237,IC50
C[C@H](CC(=O)N1CCC(CC1)C(=O)c1cnn(C)c1)Cc1cc2ccccc2c(=O)[nH]1,0.240,IC50
CC(C)(CC(=O)N1CCC(CC1)C(=O)c1ccc(cc1)C(O)=O)Cc1cc2ccccc2c(=O)[nH]1,0.250,IC50
CCN(C(=O)N1CCC(CC1)C(=O)c1ccc2c(nn(C)c2c1)C(O)=O)c1ccc(OC)cc1,0.250,IC50
CCN(C(=O)N1CCC(CC1)C(=O)c1ccc2cc(C(O)=O)n(C)c2c1)c1ccc(OC)cc1,0.260,IC50
Clc1cccc(O[C@H]2CC[C@@H](CC2)NC(=O)CCSc2nc3ccccc3c(=O)[nH]2)c1,0.264,IC50
CCN(C(=O)N1CCC(CC1)C(=O)c1ccc2ncn(C)c2c1)c1ccc(cc1)C(O)=O,0.270,IC50
Clc1cccc(c1)-c1nnc(o1)[C@H]1CC[C@@H](CC1)NC(=O)CCCc1nc2ccccc2c(=O)[nH]1,0.27,IC50
CC(C)n1cc(cn1)C(=O)C1CCN(CC1)C(=O)CCCc1nc2n(C)ccc2c(=O)[nH]1,0.280,IC50
CCN(C(=O)N1CCC(CC1)C(=O)c1ccc2n(C)ncc2c1)c1ccc(cc1)C(O)=O,0.290,IC50
O=C(CCCc1nc2ccccc2c(=O)[nH]1)N1CCC(CC1)n1c2ccc(cc2[nH]c1=O)C#N,0.292,IC50
Clc1ccc(O[C@H]2CC[C@@H](CC2)NC(=O)CCSc2nc3ccccc3c(=O)[nH]2)cc1C#N,0.294,IC50
O=c1[nH]c(SCCN2CCN(CCSc3nc4ccccc4c(=O)[nH]3)CC2)nc2ccccc12,0.300000,IC50
COc1cccc(c1)-c1nnc(o1)[C@H]1CC[C@@H](CC1)NC(=O)CCCc1nc2ccccc2c(=O)[nH]1,0.301,IC50
O=C(CCSc1nc2ccccc2c(=O)[nH]1)N[C@H]1CC[C@@H](CC1)Oc1cccc(c1)C#N,0.302,IC50
Fc1ccc(cc1)-c1nnc(o1)[C@H]1CC[C@@H](CC1)NC(=O)CCCc1nc2ccccc2c(=O)[nH]1,0.303,IC50
COC(=O)c1ccc(cc1C)C(=O)C1CCN(CC1)C(=O)CC(C)(C)Cc1nc2ccccc2c(=O)[nH]1,0.320,IC50
Cn1cc(cn1)C(=O)C1CCN(CC1)C(=O)CC(C)(C)Cc1nc2n(C)ccc2c(=O)[nH]1,0.330,IC50
O=C(CCCc1nc2ccccc2c(=O)[nH]1)N[C@H]1CC[C@@H](CC1)c1nnc(o1)-c1ccncc1,0.341,IC50
Clc1ccc2[nH]c(=O)n([C@H]3CC[C@@H](CC3)NC(=O)CCc3nc4ccccc4c(=O)[nH]3)c2c1,0.347,IC50
CCn1cc(cn1)C(=O)C1CCN(CC1)C(=O)CC(C)(C)Cc1nc2n(C)ccc2c(=O)[nH]1,0.360,IC50
Fc1ccc(O[C@H]2CC[C@@H](CC2)NC(=O)CCSc2nc3ccccc3c(=O)[nH]2)cc1,0.362,IC50
Cn1cc(cn1)C(=O)C1CCN(CC1)C(=O)CC(C)(C)Cc1nc2ccccc2c(=O)[nH]1,0.370,IC50
O=C(CCSc1nc2ccccc2c(=O)[nH]1)N[C@H]1C[C@H](C1)c1nnc(o1)-c1ccccc1,0.389,IC50
CC(C)C[C@@H](CC(=O)N1CCC(CC1)C(=O)c1cnn(C)c1)Cc1nc2ccccc2c(=O)[nH]1,0.400,IC50
O=C(CCCc1nc2ccccc2c(=O)[nH]1)N1CCN(CC1)c1n[nH]c2ccccc12,0.401,IC50
COc1ccc(cn1)C(=O)C1CCN(CC1)C(=O)CC(C)(C)Cc1nc2n(C)ccc2c(=O)[nH]1,0.410,IC50
COc1ccc2C(=O)C3(Cc2c1)CCN(CC3)C1CCN(Cc2nc3CCOCc3c(=O)[nH]2)C1=O,18.0,IC50
Cc1ccc(cc1)C(=O)C1CCN(CC(=O)NCc2nc3CCOCc3c(=O)[nH]2)CC1,18,IC50
Fc1ccc(cc1)C(=O)C1CCN(CC(=O)N(Cc2nc3ccccc3s2)Cc2nc3CCOCc3c(=O)[nH]2)CC1,18,IC50
FC(F)CN(Cc1nc2CCOCc2c(=O)[nH]1)C(=O)CN1CCC(CC1)C(=O)c1ccc(Cl)cc1,18,IC50
CC(C)CN(Cc1nc2CCOCc2c(=O)[nH]1)C(=O)CN1CCC(CC1)C(=O)c1ccc(F)cc1,18,IC50
COc1ccc(cc1OC)C(=O)C1CCN(CC(=O)NCc2nc3CCOCc3c(=O)[nH]2)CC1,18,IC50
COc1ccc(cc1)-c1nnc(o1)[C@H]1CC[C@@H](CC1)NC(=O)CCSc1nc2ccccc2c(=O)[nH]1,18.1,IC50
O=C(CCCc1nc2ccccc2c(=O)[nH]1)N1CCC(CC1)c1nnc(s1)-c1ccccc1,18.5,IC50
COc1ccccc1N1CCN(CC1)c1nc2CCCCc2c(=O)[nH]1,19,IC50
O=c1[nH]c(nc2CCCCc12)N1CCC2(CNc3cccc(C#N)c23)CC1,19,IC50
CN1C(=O)C2(CCN(CC2)c2nc3N(C)CCCc3c(=O)[nH]2)c2c1cc(OCCN1CCN(C)CC1)cc2F,19,IC50
COc1ccc(cc1)C(=O)C1CCN(CC1)C1CCN(Cc2cc3ccccc(=O)c3[nH]2)C1=O,19.0,IC50
Clc1ccccc1-n1c(nnc1-c1ccncn1)[C@H]1C[C@@H](C1)n1c2ccc(cc2[nH]c1=O)C#N,19,IC50
FCCN(Cc1nc2CCOCc2c(=O)[nH]1)C(=O)CN1CCC(CC1)C(=O)c1ccc(F)cc1,19,IC50
COc1ccc(cc1)C(=O)C1CCN(CC1)C1CCN(Cc2nc3ccccc(=O)c3[nH]2)C1=O,19,IC50
COc1cc(OC)nc(CC(C)(C#N)c2ccc3c4CCCCc4c(=O)[nH]c3c2)n1,19.1,IC50
CC(Cc1cccc(F)c1)(C#N)c1ccc2c3CCCCc3c(=O)[nH]c2c1,19.5,IC50
CN1CCCc2c1nc([nH]c2=O)N1CCN(Cc2ncc(F)cc2F)CC1,19.6,IC50
Cc1cccc2n(Cc3cccc(Cl)c3C#N)c(=O)n(C[C@H]3CC[C@@H](CC3)C(=O)Nc3ccncc3)c(=O)c12,20,IC50
C[C@H]1CN(C[C@@H](C)N1)c1cc2N(C)C(=O)C3(CCN(CC3)c3nc4N(C)CCCc4c(=O)[nH]3)c2c(F)c1,20,IC50
COCCOC(C)(C)c1ccc(cc1)-c1nc2ccc(F)cc2c(=O)[nH]1,20,IC50
OC(=O)[C@H]1CC[C@H](Cn2c(=O)n(Cc3cccc(c3C#N)C(F)(F)F)c3ccccc3c2=O)CC1,20,IC50
Cc1c(F)ccc2n(Cc3cccc(c3C#N)C(F)(F)F)c(=O)n(C[C@H]3CC[C@@H](CC3)C(O)=O)c(=O)c12,20,IC50
CC(C)N(Cc1nc2CCOCc2c(=O)[nH]1)C(=O)CN1CCC(CC1)C(=O)c1ccc(F)cc1,20,IC50
O=C(CN1CCC(CC1)C(=O)c1ccc2OCCc2c1)NCc1nc2CCOCc2c(=O)[nH]1,20,IC50
C(CN1CCOCC1)NCc1ccc(cc1)-c1ccc2C=CCNc2c1,20,IC50
CC(C)(C)CN(Cc1nc2CCOCc2c(=O)[nH]1)C(=O)CN1CCC(CC1)C(=O)c1ccc(F)cc1,20,IC50
COc1ccc(cc1)C(=O)C1CCN(CC(=O)NCc2nc(C)c(C)c(=O)[nH]2)CC1,20,IC50
CC1(C)OC(=O)N([C@H]1c1ccccc1)[C@H]1CC[C@@H](CC1)NC(=O)c1cccc2cccnc12,20.1,IC50
Fc1ccccc1-c1nnc(o1)C1CCN(CC1)C(=O)CCCc1nc2ccccc2c(=O)[nH]1,20.9,IC50
Cc1cccc(n1)-c1nnc([C@H]2C[C@@H](C2)NC(=O)c2ccc(F)cn2)n1-c1ccccc1F,21,IC50
O=C1OC2(CCN(CC2)c2nc3CCCCc3c(=O)[nH]2)c2ccccc12,21,IC50
OCCN1C(=O)C2(CCN(CC2)c2nc3CCCCc3c(=O)[nH]2)c2c1cc(F)cc2F,21,IC50
CN1CCCc2c1nc([nH]c2=O)N1CCC2(CN(CCO)c3cc(F)cc(F)c23)CC1,21,IC50
Fc1ccc(cc1)C(=O)C1CCN(CC(=O)N(Cc2cccc(F)c2)Cc2nc3CCOCc3c(=O)[nH]2)CC1,21,IC50
COc1ccc(cc1)C(=O)C1CCN(CC1)C1CCN(CC(=O)Nc2nnc3SCCn23)C1=O,21.0,IC50
CC(C)(O)c1ccc(cc1)-c1nc2cccc(F)c2c(=O)[nH]1,21,IC50
O=c1[nH]c(nc2CCCCc12)N1CCC2(CNc3ccccc23)CC1,21,IC50
CN1C(=O)C2(CCN(CC2)c2nc3N(C)CCCc3c(=O)[nH]2)c2c1cc(OC1CCN(C)CC1)cc2F,21,IC50
Fc1ccccc1-n1c(nnc1-c1ccccn1)[C@H]1C[C@@H](C1)NC(=O)c1ccccn1,22,IC50
CCC(N1CCN(CC1)c1nc2N(C)CCCc2c(=O)[nH]1)c1ncccn1,22.0,IC50
O=C(NCCc1nc2ccccc2c(=O)[nH]1)[C@H]1CC[C@@H](CC1)c1nnc(o1)-c1ccccc1,22.5,IC50
CN1CCCc2c1nc([nH]c2=O)N1CCN(Cc2ncccc2C)CC1,22.7,IC50
CN1C(=O)C2(CCN(CC2)c2nc3N(C)CCCc3c(=O)[nH]2)c2c1cc(cc2F)N1CCNCC1,23,IC50
Clc1ccc(cc1)C(=O)C1CCN(CC1)C1CCN(Cc2nc3CCOCc3c(=O)[nH]2)C1=O,23.0,IC50
COc1cccc(CN(Cc2nc3CCOCc3c(=O)[nH]2)C(=O)CN2CCC(CC2)C(=O)c2ccc(F)cc2)c1,23,IC50
Fc1ccc(cc1)C(=O)C1CCN(CC(=O)NCc2nc3CCOCc3c(=O)[nH]2)CC1,23,IC50
O=c1[nH]c2sccc2c2ccccc12,24,IC50
CN1CCCc2c1nc([nH]c2=O)N1CCN(Cc2ccccc2F)CC1,24.5,IC50
Cc1cccc2n(Cc3ccccc3C#N)c(=O)n(C[C@H]3CC[C@@H](CC3)C(=O)Nc3ccncc3)c(=O)c12,25,IC50
Cc1cccc2n(Cc3cccc(c3C#N)C(F)(F)F)c(=O)n(C[C@H]3CC[C@@H](CC3)C(=O)Nc3ccnnc3)c(=O)c12,25,IC50
Cc1cccc(Cn2c3cccc(C)c3c(=O)n(C[C@H]3CC[C@@H](CC3)C(=O)Nc3ccncc3)c2=O)c1C#N,25,IC50
O=C1Nc2ccccc2C11CCN(CC1)c1nc2CCCCc2c(=O)[nH]1,25,IC50
CS(=O)(=O)c1ccc(nc1)-c1nnc(\C=C\c2nnc(o2)-c2ccc(cc2)C#N)n1-c1ccccc1Cl,25,IC50
C[C@@H](N(Cc1nc2CCOCc2c(=O)[nH]1)C(=O)CN1CCC(CC1)C(=O)c1ccc(F)cc1)c1ccc(F)cc1,25,IC50
COc1ccc(cc1)C(=O)C1CCN(CC1)C1CCN(Cc2nc3n(C)ncc3c(=O)[nH]2)C1=O,25.0,IC50
Oc1cccc2c(O)nc(nc12)-c1ccc(cc1)C(F)(F)F,25,IC50
C1OCN(C1c1ccccc1)c1ccc(cc1)-c1cncc(c1)-c1ncccn1,25,IC50
CC1(C)OC(=O)N([C@H]1c1ccccc1)c1ccc(cc1)-c1cnc(N)c(c1)-c1ncccn1,25.9,IC50
OCCN1C(=O)C2(CCN(CC2)c2nc3CCCCc3c(=O)[nH]2)c2ccccc12,26,IC50
COc1ccc(cc1)C(=O)C1CCN(CC1)C1CCN(Cc2nc(C)c(C)c(=O)[nH]2)C1=O,26,IC50
COc1cccnc1CN1CCN(CC1)c1nc2N(C)CCCc2c(=O)[nH]1,26.6,IC50
O=C1Nc2cccc(C#N)c2C11CCN(CC1)c1nc2CCCCc2c(=O)[nH]1,27,IC50
COc1ccc(cc1)C(=O)C1CCN(CC(=O)NCc2cc3CCOCc3c(=O)[nH]2)CC1,27,IC50
OCCN1CC2(CCN(CC2)c2nc3CCCCc3c(=O)[nH]2)c2ccccc12,27,IC50
CN1CCc2c1nc([nH]c2=O)N1CCC2(CC1)C(=O)N(CCO)c1cc(F)cc(F)c21,28,IC50
FC1(F)C(=O)N(C2CCN(CC2)C(=O)CCCc2nc3ccccc3c(=O)[nH]2)c2ccccc12,28.9,IC50
Fc1ccccc1-n1c(nnc1-c1nccs1)[C@H]1C[C@@H](C1)NC(=O)c1ccccn1,29,IC50
Oc1c2[C@H]3C[C@H](C=C3)c2c(O)n1-c1ccc(cc1)C(=O)Nc1cccc2cccnc12,29,IC50
O=c1[nH]c(nc2CCCCc12)N1CCC2(CC1)NCc1ccccc21,29,IC50
CC(C)C1Cc2[nH]c3cc(F)cc4c3c2c(C1)n[nH]c4=O,29,IC50
CC(C)(C)c1ccc(cc1)-c1nc2c3ccccc3sc2c(=O)[nH]1,29,IC50
O=C(CN1CCC(CC1)C(=O)c1ccc(OC2CCOCC2)cc1)NCc1nc2CCOCc2c(=O)[nH]1,29,IC50
O=C(CCCSc1nc2ccccc2c(=O)[nH]1)N1CCC(CC1)c1nnc(o1)-c1ccccc1,29.5,IC50
Fc1ccccc1-n1c(nnc1-c1ccncn1)[C@H]1C[C@@H](C1)n1c2ccc(cc2[nH]c1=O)C#N,30,IC50
CN1CCCc2c1nc([nH]c2=O)N1CCC2(CC1)C(=O)N(CC(O)=O)c1cc(F)cc(F)c21,30,IC50
Cc1cccc2c1nc([nH]c2=O)-c1ccc(cc1)[N+]([O-])=O,30,IC50
CC(C)(O)c1ccc(cc1)-c1nc2c(F)cccc2c(=O)[nH]1,30,IC50
CN1CCCc2c1nc([nH]c2=O)N1CCN(Cc2ccccc2Cl)CC1,30.2,IC50
CN1CCC(CC1)c1ccc(cc1)-c1nc2c(F)cc(F)cc2c(=O)[nH]1,31,IC50
Fc1ccc(cc1)C(=O)C1CCN(CC(=O)N(Cc2ccccn2)Cc2nc3CCOCc3c(=O)[nH]2)CC1,31,IC50
O=C(Nc1cccc2cccnc12)c1ccc(cc1)N1C(=O)[C@H]2[C@H]3CC[C@H](C3)[C@H]2C1=O,31,IC50
FC(F)(F)c1cccc(Cn2c3ccccc3c(=O)n(C[C@H]3CC[C@@H](CC3)C(=O)Nc3ccncc3)c2=O)c1C#N,32,IC50
FC(F)(F)c1cccc(Cn2c3cccc(Cl)c3c(=O)n(C[C@H]3CC[C@@H](CC3)C(=O)Nc3ccncc3)c2=O)c1C#N,32,IC50
C[C@H](C1CC1)N(Cc1nc2CCOCc2c(=O)[nH]1)C(=O)CN1CCC(CC1)C(=O)c1ccc(F)cc1,32,IC50
CN1CCCc2c1nc([nH]c2=O)N1CCC2(CC1)C(=O)N(CC(F)(F)F)c1cc(F)cc(F)c21,32,IC50
O=C(CN1CCC(CC1)C(=O)c1ccccn1)N(CC1CC1)Cc1nc2CCOCc2c(=O)[nH]1,32,IC50
Fc1ccc(CN(Cc2nc3CCOCc3c(=O)[nH]2)C(=O)CN2CCC(CC2)C(=O)c2ccc(F)cc2)cc1,32,IC50
O=C(CCc1nc2ccccc2c(=O)[nH]1)N[C@H]1CC[C@@H](CC1)c1nnc(o1)-c1cccnc1,32.7,IC50
CN1C(=O)C2(CCN(CC2)c2nc3N(C)CCCc3c(=O)[nH]2)c2c1cc(OCCN1CCCCC1)cc2F,33,IC50
COc1ccc(cc1)-c1noc(CSc2nnc(C)n2-c2ccc(OC)cc2)n1,33,IC50
Cc1cccc2c1nc([nH]c2=O)-c1ccc(Cl)cc1,33,IC50
C[C@@](Cc1ccccc1)(C#N)c1ccc2c3CCCCc3c(=O)[nH]c2c1,33.1,IC50
C[C@@](Cc1cccc(F)c1)(C#N)c1ccc2c3CCCCc3c(=O)[nH]c2c1,33.9,IC50
Cn1c2cc(ccc2n([C@H]2C[C@@H](C2)c2nnc(-c3ccncn3)n2-c2ccccc2Cl)c1=O)C#N,34,IC50
O=C(CCSc1nccc(=O)[nH]1)N[C@H]1CC[C@@H](CC1)c1nnc(o1)-c1ccccc1,34.7,IC50
COc1cccc(CC(C)(C#N)c2ccc3c4CCCCc4c(=O)[nH]c3c2)c1,35.5,IC50
CN1CCCc2c1nc([nH]c2=O)N1CCN(Cc2ncccc2F)CC1,35.8,IC50
COc1ccc(cc1)C(=O)C1CCN(CC1)C1CCN(Cc2ncc(C)c(=O)[nH]2)C1=O,36,IC50
Fc1ccc(cc1)C(=O)C1CCN(CC(=O)NCc2nc3CCCCc3c(=O)[nH]2)CC1,36,IC50
Cc1ccnc2c(NC(=O)c3ccc(cc3)-n3c(O)c4[C@H]5C[C@H](C=C5)c4c3O)cccc12,36,IC50
COc1cc2ncnc(N3CCC(CN4Cc5ccccc5NC4=O)CC3)c2cc1OC,36,IC50
COc1ccc(cc1)N1CCN(CC1)c1nc2CCC(F)(F)Cc2c(=O)[nH]1,36,IC50
O=c1[nH]c(nc2CCCCc12)N1CCC2(CC1)OCc1ccccc21,36,IC50
COc1ccc(cc1)C(=O)Nc1ccc(cc1)C(=O)N(c1ccncn1)c1ccccc1Cl,37,IC50
CC(N1CCN(CC1)c1nc2N(C)CCCc2c(=O)[nH]1)c1ncccn1,37.1,IC50
C[C@](Cc1ccccc1)(C#N)c1ccc2c3CCCCc3c(=O)[nH]c2c1,37.2,IC50
Fc1ccc(cc1)C(=O)C1CCN(CC(=O)N(C[C@H]2CCCO2)Cc2nc3CCOCc3c(=O)[nH]2)CC1,38,IC50
FC(F)CN(Cc1nc2CCOCc2c(=O)[nH]1)C(=O)CN1CCC(CC1)C(=O)c1cccc(OC(F)(F)F)c1,38,IC50
Fc1cc(F)c2nc([nH]c(=O)c2c1)-c1ccc(cc1)C1CCNCC1,38,IC50
CC(Cc1cccc(CN)c1)(C#N)c1ccc2c3CCCCc3c(=O)[nH]c2c1,38.0,IC50
O=C(CN1CCC(CC1)n1c2ccccc2[nH]c1=O)NCc1nc2CCOCc2c(=O)[nH]1,39,IC50
C[C@H]1CN(C[C@@H](C)O1)c1cc2N(C)C(=O)C3(CCN(CC3)c3nc4N(C)CCCc4c(=O)[nH]3)c2c(F)c1,39,IC50
CC(C)(O)c1ccc(cc1)-c1nc2ccc(Cl)cc2c(=O)[nH]1,39,IC50
CC(N(Cc1nc2CCOCc2c(=O)[nH]1)C(=O)CN1CCC(CC1)C(=O)c1ccc(F)cc1)c1ccc(F)cc1F,39.5,IC50
C[C@](Cc1cccc(F)c1)(C#N)c1ccc2c3CCCCc3c(=O)[nH]c2c1,39.8,IC50
Cc1cccc2n(Cc3cccc(c3C#N)C(F)(F)F)c(=O)n(C[C@H]3CC[C@@H](CC3)C(=O)Nc3cnn(C)c3)c(=O)c12,40,IC50
O=C(Nc1ccncc1)[C@H]1CC[C@H](Cn2c(=O)n(Cc3ccccc3C#N)c3ccccc3c2=O)CC1,40,IC50
COc1cccc(c1)N1CCN(CC1)c1nc2CCCCc2c(=O)[nH]1,40,IC50
Cc1ccc(NC(=O)[C@H]2CC[C@H](Cn3c(=O)n(Cc4cccc(c4C#N)C(F)(F)F)c4cccc(C)c4c3=O)CC2)cn1,40,IC50
Cc1cccc2c1nc([nH]c2=O)-c1ccc(F)cc1,40,IC50
CC(C)(O)c1ccc(cc1)-c1nc2c(F)ccc(F)c2c(=O)[nH]1,40,IC50
CC(Cc1cccc(CO)c1)(C#N)c1ccc2c3CCCCc3c(=O)[nH]c2c1,40.7,IC50
Cc1cccc2c1nc([nH]c2=O)-c1ccccc1,41,IC50
Fc1ccc(cc1)C(=O)C1CCN(CC(=O)N(Cc2cccnc2)Cc2nc3CCOCc3c(=O)[nH]2)CC1,42,IC50
COc1ccc(cc1)-n1c(C)nnc1SCc1nc(no1)-c1ccc(OC)c(OC)c1,42,IC50
Cn1c(CC(C)(C#N)c2ccc3c4CCCCc4c(=O)[nH]c3c2)nc2ccccc12,42.7,IC50
Cn1nc(CC(C)(C#N)c2ccc3c4CCCCc4c(=O)[nH]c3c2)c2ccccc12,42.7,IC50
Fc1ccc2c(noc2c1)C1CCN(CC(=O)NCc2nc3CCOCc3c(=O)[nH]2)CC1,43,IC50
O=c1[nH]nc2c3CCN(Cc4ccccc4)Cc3[nH]c3cccc1c23,43,IC50
CS(=O)(=O)c1ccc(nc1)-c1nnc(SCc2nnc(o2)-c2ccc(Cl)cc2)n1-c1ccccc1Cl,43,IC50
Cc1cccc2c1nc([nH]c2=O)-c1ccc(CN)cc1,43,IC50
O=C(CN1CCC(CC1)C(=O)c1ccc2OCOc2c1)NCc1nc2CCOCc2c(=O)[nH]1,43,IC50
COc1cccc2c1nc([nH]c2=O)-c1ccc(cc1)C(C)(C)O,43,IC50
CN1CCCc2c1nc([nH]c2=O)N1CCN(Cc2nccc(n2)C(F)(F)F)CC1,43.4,IC50
Cc1cccc2c1nc([nH]c2=O)-c1ccc(CNC(=O)OCc2ccccc2)cc1,44,IC50
Cc1ccc(cc1)-c1nc2c(O)cccc2c(=O)[nH]1,44,IC50
Cn1cc(cn1)C(=O)C1CCN(CC1)C(=O)CCC(C)(C)c1nc2ccccc2c(=O)[nH]1,44.0,IC50
O=C(NCc1ccc(cc1)-c1nc2ccccc2c(=O)[nH]1)OCc1ccccc1,45,IC50
COc1ccc(cc1)N1CCN(CC1)c1nc2CCCCc2c(=O)[nH]1,46,IC50
Clc1ccccc1-n1c(nnc1-c1ccncn1)[C@H]1C[C@@H](C1)n1c2ccc(cc2oc1=O)C#N,48,IC50
CC1(C)OC(=O)N([C@H]1c1ccccc1)c1ccc(cc1)-c1cnc(N)c(c1)-c1ncc(F)cn1,48.3,IC50
Oc1cccc2c1nc([nH]c2=O)-c1ccc(Cl)cc1,49,IC50
CN1C(=O)C2(CCN(CC2)c2nc3N(C)CCCc3c(=O)[nH]2)c2c1cc(cc2F)N1CCCCC1,49,IC50
CC1(C)OC(=O)N([C@H]1c1ccccc1)c1ccc(cc1)-c1cnc(N)c(c1)-c1ccc2nncn2n1,49.3,IC50
CC(C)(O)c1ccc(cc1)-c1nc2cccc(Cl)c2c(=O)[nH]1,50,IC50
COc1ccccc1C1=CCN(CC1)c1nc2CCCCc2c(=O)[nH]1,50,IC50
Cc1c(F)ccc2n(Cc3cccc(c3C#N)C(F)(F)F)c(=O)n(C[C@H]3CC[C@@H](CC3)C(=O)Nc3ccncc3)c(=O)c12,50,IC50
Cc1cccc2n(Cc3cccc(c3C#N)C(F)(F)F)c(=O)n(C[C@H]3CC[C@@H](CC3)C(=O)Nc3ccncc3)c(=O)c12,50,IC50
COc1cccc2n(Cc3cccc(c3C#N)C(F)(F)F)c(=O)n(C[C@H]3CC[C@@H](CC3)C(=O)Nc3ccncc3)c(=O)c12,50,IC50
C[C@H](N(Cc1nc2CCOCc2c(=O)[nH]1)C(=O)CN1CCC(CC1)C(=O)c1ccc(F)cc1)c1ccccc1,50,IC50
O=c1[nH]nc2[nH]c(CN3Cc4ccccc4C3)nc3cccc1c23,50,IC50
Clc1ccccc1-n1c(SCc2nnc(o2)-c2ccc(cc2)C#N)nnc1-c1ccncc1,51,IC50
COc1ccc(cc1)-c1nc(O)c2ccccc2n1,52,IC50
O=C(CCS(=O)c1nc2ccccc2c(=O)[nH]1)N[C@H]1CC[C@@H](CC1)c1nnc(o1)-c1ccccc1,52.3,IC50
Cn1c2cc(Cl)ccc2n(C2CCN(CC2)C(=O)CCCc2nc3ccccc3c(=O)[nH]2)c1=O,52.5,IC50
CC(Cc1cccc(Cl)c1)(C#N)c1ccc2c3CCCCc3c(=O)[nH]c2c1,52.5,IC50
CC(CCOc1ccc(cc1)C#N)(C#N)c1ccc2c3CCCCc3c(=O)[nH]c2c1,52.5,IC50
CCc1cc(=O)[nH]c(CN2CCC(N3CCC(CC3)C(=O)c3ccc(OC)cc3)C2=O)n1,53,IC50
CN(C)CC(=O)Nc1ccc2[nH]c(=O)c3ccccc3c2c1,53,IC50
COc1cc(ccn1)-c1nnc(\C=C\c2nnc(-c3ccc(cn3)S(C)(=O)=O)n2-c2ccccc2Cl)o1,54,IC50
Clc1ccc(cc1)-c1nc2ccccc2c(=O)[nH]1,54,IC50
O=C(Nc1cccc2cccnc12)c1ccc(cc1)N1C(=O)[C@H]2[C@@H]3C[C@@H](C=C3)[C@H]2C1=O,56,IC50
O=C(Nc1cccc2cccnc12)c1ccc(cc1)C1C(=O)[C@H]2[C@@H]3C[C@@H](C=C3)[C@H]2C1=O,56,IC50
CN(Cc1nc2CCOCc2c(=O)[nH]1)C(=O)CN1CCC(CC1)C(=O)c1ccc(F)cc1,57,IC50
CC(Cc1cccc(OC(F)(F)F)c1)(C#N)c1ccc2c3CCCCc3c(=O)[nH]c2c1,58.9,IC50
Oc1nc(nc2CCCCc12)N1CCN(CC1)c1ccccc1,59,IC50
Cc1cccc2c1c1COC(Cc1[nH]c2=O)C(C)(C)CO,<60,IC50
CC(C)(C)C1Cc2[nH]c(=O)c3ccccc3c2CO1,<60,IC50
CS(=O)(=O)N1CCC(C1)C1Cc2[nH]c(=O)c3ccccc3c2CO1,<60,IC50
O=C(C1COC1)N1CCC(CC1)C1Cc2[nH]c(=O)c3ccccc3c2CO1,<60,IC50
CC(C)(CO)C1Cc2[nH]c(=O)c3ccccc3c2CO1,<60,IC50
O=C(CCCc1nc2ccccc2c(=O)[nH]1)N1CCN(CC1)c1noc2ccccc12,60,IC50
CC(C)C1Cc2[nH]c(=O)c3cccc(C)c3c2CO1,<60,IC50
CC(C)C1Cc2[nH]c(=O)c3ccccc3c2CO1,<60,IC50
COc1cccc2c1nc([nH]c2=O)-c1ccc(Cl)cc1,62,IC50
Cc1cccc2n(Cc3cccc(c3C#N)C(F)(F)F)c(=O)n(C[C@H]3CC[C@@H](CC3)C(O)=O)c(=O)c12,63,IC50
Fc1cccc2n(Cc3cccc(c3C#N)C(F)(F)F)c(=O)n(C[C@H]3CC[C@@H](CC3)C(=O)Nc3ccncc3)c(=O)c12,63,IC50
CN(Cc1ccc(cc1)C#N)CC(C)(C#N)c1ccc2c3CCCCc3c(=O)[nH]c2c1,64.6,IC50
CC1(C)OC(=O)N([C@H]1c1ccccc1)c1ccc(cc1)-c1cc(c[nH]c1=O)-c1ncccn1,65.9,IC50
COc1ccccc1N1CCN(CC1)c1nc2CCC(F)(F)Cc2c(=O)[nH]1,66,IC50
Fc1ccc(cc1)C(=O)C1CCN(CC(=O)N(Cc2ccc(s2)S(=O)(=O)N2CCOCC2)Cc2nc3CCOCc3c(=O)[nH]2)CC1,66,IC50
COc1ccccc1C1CCN(CC1)c1nc2CCCCc2c(=O)[nH]1,68,IC50
C[C@H](N(Cc1nc2CCOCc2c(=O)[nH]1)C(=O)CN1CCC(CC1)C(=O)c1ccc(F)cc1)c1ccc(F)cc1,68,IC50
CC(N1CCN(CC1)c1nc2N(C)CCCc2c(=O)[nH]1)c1ncc(F)cn1,69.4,IC50
O=c1[nH]c(nc2CCCCc12)N1CCN(Cc2ccncc2)CC1,71,IC50
Clc1ccc2n(C3CCN(CC3)C(=O)CCSc3nc4ccccc4c(=O)[nH]3)c(=O)[nH]c2c1,73.7,IC50
O=c1[nH]c(cc2ncccc12)C1=C[C@@H](CC1)N1CCN(CC1)c1ccc(cc1)C#N,74,IC50
CN1CCc2c1nc([nH]c2=O)N1CCC2(CN(CCO)c3cc(F)cc(F)c23)CC1,74,IC50
Fc1ccc(cc1)-c1nnc(o1)C1CCN(CC(=O)NCc2nc3CCOCc3c(=O)[nH]2)CC1,78,IC50
Cc1ccc2n(Cc3cccc(c3C#N)C(F)(F)F)c(=O)n(C[C@H]3CC[C@@H](CC3)C(O)=O)c(=O)c2c1C,79,IC50
Cc1ccc(cc1)-c1nc2c3ccccc3sc2c(=O)[nH]1,80,IC50
CC(C)C1Cc2[nH]c3cccc4c3c2c(C1)n[nH]c4=O,80,IC50
COc1ccc(cc1)C(=O)C1CCN(CC1)C1CCN(Cc2cccc(Cl)c2C#N)C1=O,81.0,IC50
Clc1ccccc1-c1nnc(o1)[C@H]1CC[C@@H](CC1)NC(=O)CCc1nc2ccccc2c(=O)[nH]1,81.3,IC50
CN1CCCc2c1nc([nH]c2=O)N1CCN(Cc2ncc(C)cn2)CC1,81.5,IC50
COc1ccc(cc1)C(=O)C1CCN(CC1)C1CCN(Cc2nc3ccsc3c(=O)[nH]2)C1=O,83.0,IC50
COc1ccccc1C(=O)C1CCN(CC(=O)N(CC(F)F)Cc2nc3CCOCc3c(=O)[nH]2)CC1,85,IC50
CN1CCCc2c1nc([nH]c2=O)N1CCN(Cc2ncc(Cl)cn2)CC1,85.1,IC50
Fc1ccc(cc1)-c1nnc(o1)C1CCN(CC1)C(=O)CCSCc1nc2ccccc2c(=O)[nH]1,85.1,IC50
Oc1ccc(cc1)-c1nc(O)c2cccc(O)c2n1,86,IC50
COc1cccc2c1nc([nH]c2=O)-c1ccc(cc1)C(F)(F)F,87,IC50
COc1ccc(cc1)-c1nnc(o1)C1CCN(CC(=O)NCc2nc3CCOCc3c(=O)[nH]2)CC1,89,IC50
Fc1ccccc1-n1c(nnc1-c1cnccn1)[C@H]1C[C@@H](C1)NC(=O)c1ccccn1,93,IC50
CC(C)C1Cc2[nH]c(=O)c3cccnc3c2CO1,93,IC50
O=C(CCc1nc2ncccc2c(=O)[nH]1)N[C@H]1CC[C@@H](CC1)c1nnc(o1)-c1ccccc1,99,IC50
O=C(CCc1nc2ccccc2c(=O)[nH]1)N[C@H]1CC[C@@H](CC1)c1nnc(o1)-c1cccc(c1)C#N,99.8,IC50
Cc1ccc2n(Cc3cccc(c3C#N)C(F)(F)F)c(=O)n(C[C@H]3CC[C@@H](CC3)C(=O)Nc3ccncc3)c(=O)c2c1C,100,IC50
Cc1cccc2n(Cc3cccc(c3C#N)C(F)(F)F)c(=O)n(C[C@H]3CC[C@H](CC3)C(O)=O)c(=O)c12,100,IC50
Brc1ccc(cc1)-c1nc2ccccc2c(=O)[nH]1,101,IC50
Fc1cc2[nH]c3CCCc4n[nH]c(=O)c(c1)c2c34,102,IC50
O=C(CN1CCN(CCSc2nc3ccccc3c(=O)[nH]2)CC1)N1CCC2(CC1)CC(=O)c1ccccc1O2,103,IC50
COc1cccc2c1nc([nH]c2=O)-c1ccc(Br)cc1,106,IC50
Cn1ncnc1[C@H]1[C@@H](Nc2cc(F)cc3c2c1n[nH]c3=O)c1ccc(F)cc1,107,IC50
COc1ccc(cc1)C(=O)C1CCN(CC(=O)NCc2nc3CCCc3c(=O)[nH]2)CC1,110,IC50
Cc1ccccc1NC(=O)c1ccc(NC(=O)N2CCN(CC2)C(=O)c2cc(Cc3n[nH]c(=O)c4ccccc34)ccc2F)cc1,111,IC50
COc1ccc(cc1C)C(=O)C1CCN(CC1)[C@@H]1CCN(Cc2nc3ccccc(=O)c3[nH]2)C1=O,112,IC50
COc1ccccc1N1CCN(CC1)c1nc2CCOCc2c(=O)[nH]1,112,IC50
O=c1[nH]nc2c3CCNCc3[nH]c3cccc1c23,120,IC50
Clc1ccccc1-n1c(nnc1-c1ccncn1)[C@H]1CC[C@@H](CC1)n1c2ccc(cc2[nH]c1=O)C#N,120,IC50
COc1cccc2n(Cc3cccc(c3C#N)C(F)(F)F)c(=O)n(C[C@H]3CC[C@@H](CC3)C(O)=O)c(=O)c12,126,IC50
OC(=O)[C@H]1CC[C@H](Cn2c(=O)n(Cc3cccc(c3C#N)C(F)(F)F)c3cccc(Cl)c3c2=O)CC1,126,IC50
COc1ccc(cc1)-c1nc(O)c2cccc(OC)c2n1,128,IC50
Oc1ccc2c(c1)c1ccsc1[nH]c2=O,129,IC50
O=c1[nH]nc2CCCc3n(CCN4CCCCC4)c4cccc1c4c23,130,IC50
COc1ccc(cc1)-c1noc(CSc2nnc(C)n2-c2cccc(C)c2)n1,132,IC50
FC(F)(F)c1ccc(cc1)-c1nc2ccccc2c(=O)[nH]1,133,IC50
COc1ccc(cc1)C(=O)C1CCN(CC(=O)NCc2cc3CCOCc3c(=O)o2)CC1,133,IC50
CN1CCCc2c1cc([nH]c2=O)-c1ccc(Cl)cc1,134,IC50
Fc1ccccc1-c1nnc(o1)[C@H]1CC[C@@H](CC1)NC(=O)CCc1nc2ccccc2c(=O)[nH]1,137,IC50
COc1ccc(cc1)C(=O)C1CCN(CC1)C1CCN(Cc2nc(C)cc(=O)[nH]2)C1=O,137,IC50
O=C(CCCc1nc2ccccc2c(=O)[nH]1)N[C@H]1CC[C@@H](C1)OCc1ccccc1,138,IC50
COc1ccc2c(c1)c1ccsc1[nH]c2=O,138,IC50
O=c1[nH]nc2CCCc3[nH]c4cccc1c4c23,140,IC50
C[C@]12CCCN1Cc1n[nH]c(=O)c3cc(F)cc4[nH]c2c1c34,140,IC50
O=c1cc(oc2ccccc12)-c1ccccc1,140,IC50
COc1ccc(cc1)C(=O)C1CCN(CC1)C1CCN(Cc2nc3sc(C)cc3c(=O)[nH]2)C1=O,141,IC50
COCCN(Cc1nc2CCOCc2c(=O)[nH]1)C(=O)CN1CCC(CC1)c1nnc(o1)-c1ccccc1,142,IC50
CC1Cc2[nH]c3cccc4c3c2c(C1)n[nH]c4=O,143,IC50
COc1ccc(cc1)N1CCN(CC1)c1nc2CCOCc2c(=O)[nH]1,148,IC50
O=c1[nH]nc2CCCc3n(CCN4CCCC4)c4cccc1c4c23,150,IC50
CC(C)(C)c1ccc(cc1)C1NC(=O)c2ccccc2N1,150,IC50
Clc1ccc(OCc2nnc(o2)C2CCN(CC2)C(=O)CCCc2nc3ccccc3c(=O)[nH]2)cc1,152,IC50
O=c1[nH]nc2CCCCc3[nH]c4cccc1c4c23,154,IC50
O=C(N1CCN(CC1)c1ncccc1C#N)c1cccc(Cc2n[nH]c(=O)c3ccccc23)c1,160,IC50
O=c1[nH]nc2CC(Cc3[nH]c4cccc1c4c23)c1ccccc1,164,IC50
COc1cccc2c1nc([nH]c2=O)-c1ccc(C)cc1,167,IC50
Oc1ccc(cc1O)-c1cc(=O)c2ccccc2o1,170,IC50
O=C(CN1CCC(CC1)c1nnc(o1)-c1ccccc1)NCc1nc2CCOCc2c(=O)[nH]1,170,IC50
Fc1ccc(NC(=O)c2ccc(NC(=O)N3CCN(CC3)C(=O)c3cc(Cc4n[nH]c(=O)c5ccccc45)ccc3F)cc2)cc1,171,IC50
COc1ccc(cc1)-c1noc(CSc2nnc(-c3ccncc3)n2-c2ccc(OC)cc2)n1,175,IC50
O=c1[nH]c2ccccc2c2c3ccccc3sc12,180,IC50
Oc1cccc2c(O)nc(nc12)-c1ccccc1,180,IC50
CC1(C)OC(=O)N([C@@H]1c1ccccc1)[C@H]1CC[C@@H](CC1)NC(=O)c1cccc2cccnc12,185,IC50
O=C(CCc1nc2ccccc2c(=O)[nH]1)N[C@H]1CC[C@@H](CC1)c1nnc(o1)-c1ccccn1,187,IC50
O=C(CN1CCC(CC1)n1cc(cn1)-c1ccccc1)NCc1nc2CCOCc2c(=O)[nH]1,188,IC50
CN1CCCc2c1cc([nH]c2=O)-c1ccccc1,189,IC50
Oc1ccc(cc1)-c1nc2ccccc2c(=O)[nH]1,189,IC50
CC1(C)OC(=O)N([C@H]1c1ccccc1)c1ccc(cc1)C(=O)Nc1cccc2cccnc12,189,IC50
Oc1cccc2c(O)nc(nc12)-c1ccc(cc1)[N+]([O-])=O,191,IC50
O=c1[nH]c(SCCN2CCN(CC2)c2ccccn2)nc2ccccc12,193,IC50
COc1ccc(cc1)-c1noc(CSc2nnc(C)n2-c2ccc(F)cc2)n1,197,IC50
NC(=O)c1cccc2C(=O)\C(Oc12)=C\c1ccc(cc1)C(=O)N1CCN(CC1)c1nc2ccccc2[nH]1,198,IC50
O=C(CCc1nc2ccccc2c(=O)[nH]1)N1CCC(CC1)c1nnc(o1)-c1ccccc1,199,IC50
Cc1cc(NCCc2ccc(O)cc2)c2nncn2n1,200,IC50
C1CC2=C(CNC(=N2)c2ccccc2)CO1,200,IC50
Clc1ccccc1-n1c(nnc1-c1ccncn1)[C@H]1C[C@@H](C1)n1c2ccccc2[nH]c1=O,200,IC50
CC1(C)Cc2[nH]c3cc(F)cc4c3c2c(C1)n[nH]c4=O,203,IC50
O=C(CCc1nc2ccccc2c(=O)[nH]1)N[C@H]1CC[C@@H](CC1)c1nnc(o1)-c1cnccn1,203,IC50
COc1ccc(cc1C)C(=O)C1CCN(CC1)[C@@H]1CCN(Cc2nc3CCOCc3c(=O)[nH]2)C1=O,206,IC50
Fc1ccc(cc1)C(=O)C1CCN(CC(=O)N(Cc2ccncc2)Cc2nc3CCOCc3c(=O)[nH]2)CC1,206,IC50
COc1ccc(cc1)C(=O)C1CCN(CC1)[C@H]1CCCN(Cc2nc3CCOCc3c(=O)[nH]2)C1=O,218,IC50
COc1ccc(cc1)C(=O)C1CCN(CC1)[C@H]1CCCN(CCC2NC(=O)C3=C(CCOC3)N2)C1=O,218,IC50
Nc1ccc(cc1)-c1nc(O)c2cccc(O)c2n1,219,IC50
Fc1ccccc1-n1c(nnc1-c1ccccc1)[C@H]1C[C@@H](C1)NC(=O)c1ccccn1,220,IC50
CC(C)c1ccc(cc1)C1NC(=O)c2ccccc2N1,230,IC50
Clc1cccc2CN(CCc12)C(=O)C1CCN(CC(=O)NCc2nc3CCOCc3c(=O)[nH]2)CC1,244,IC50
Cc1c(ccc2n(Cc3cccc(c3C#N)C(F)(F)F)c(=O)n(C[C@H]3CC[C@@H](CC3)C(=O)Nc3ccncc3)c(=O)c12)C(N)=O,251,IC50
COc1ccc(cc1)C(=O)Nc1ccc(C(=O)NCC2(CCOCC2)c2ccc(OC)cc2)c(Cl)c1,257,IC50
O=C1NC2(CCN(CC2)c2nc3CCCCc3c(=O)[nH]2)c2ccccc12,258,IC50
[O-][N+](=O)c1ccc(cc1)-c1nc2ccccc2c(=O)[nH]1,259,IC50
Oc1cccc2c1nc([nH]c2=O)-c1ccc(F)cc1,263,IC50
Fc1ccc2c(n[nH]c2c1)C1CCN(CC(=O)NCc2nc3CCOCc3c(=O)[nH]2)CC1,270,IC50
COc1ccc(cc1)-n1c(SCc2nc(no2)-c2ccccc2)nnc1-c1ccncc1,272,IC50
Cc1nnc(SCc2nc(no2)-c2ccc(Cl)cc2)n1-c1ccc(F)cc1,281,IC50
O=C(CCc1nc2ccccc2c(=O)[nH]1)N[C@H]1CC[C@@H](CC1)c1nnc(o1)C1CCCCC1,282,IC50
O=c1[nH]c(cc2c3ccccc3sc12)-c1ccccc1,283,IC50
CC(C)n1cc2CN(Cc2n1)C(=O)c1cc(Cc2n[nH]c(=O)c3ccccc23)ccc1F,290,IC50
Cc1ccc(cc1)-c1nnc(CCc2nnc(-c3ccncc3)n2-c2ccccc2Cl)o1,290,IC50
Fc1ccccc1NC(=O)c1ccc(NC(=O)N2CCN(CC2)C(=O)c2cc(Cc3n[nH]c(=O)c4ccccc34)ccc2F)cc1,296,IC50
CN1CCN(CC1)c1nc2CCCCc2c(=O)[nH]1,300,IC50
Oc1cccc(c1)-c1cc(=O)c2ccccc2o1,310,IC50
COc1ccc2c(n[nH]c2c1)C1CCN(CC(=O)NCc2nc3CCOCc3c(=O)[nH]2)CC1,311,IC50
OC(=O)[C@H]1CC[C@H](Cn2c(=O)n(Cc3cccc(c3C#N)C(F)(F)F)c3cccc(F)c3c2=O)CC1,316,IC50
O=C(Nc1ccncc1)[C@H]1CC[C@H](Cn2c(=O)n(Cc3ccccc3C#N)c3[nH]cnc3c2=O)CC1,316,IC50
O=C(Nc1ccncc1)[C@H]1CC[C@H](Cn2c(=O)n(Cc3ccccc3C#N)c3cnccc3c2=O)CC1,316,IC50
C(CCC1CCCCC1)CNc1nnc2SCCn12,316,IC50
O=C(CCCc1nc2ccccc2c(=O)[nH]1)N[C@H]1CC[C@@H](C1)Oc1ccccc1,318,IC50
O=C(OCc1ccccc1)N1CCN(CCSc2nc3ccccc3c(=O)[nH]2)CC1,318,IC50
COc1ccc2C(=O)CC(CC(=O)N3CCN(CC3)C(=O)c3ccccc3N3CCC(=O)NC3=O)c2c1,330,IC50
Clc1ccccc1-n1c(nnc1-c1ccncn1)-c1ccc(cc1)-n1c2ccc(cc2[nH]c1=O)C#N,340,IC50
Cc1ccc(cc1)-c1cc2cnccc2c(=O)[nH]1,350,IC50
COc1ccc(cc1)C(=O)C1CCN(CC(=O)NCc2nc3CCCCCc3c(=O)[nH]2)CC1,353,IC50
CC(C)c1ccc(cc1)C1NC(=O)c2cccnc2N1,355,IC50
Fc1ccc(Cc2n[nH]c(=O)c3ccccc23)cc1C(=O)N1CCN(CC1)C(=O)Nc1ccc(cc1)C(=O)Nc1ccc(cc1)C(F)(F)F,367,IC50
COc1ccc(cc1)C(=O)C1CCN(CC(=O)N(CC2CC2)Cc2nc3CCCCCc3c(=O)[nH]2)CC1,371,IC50
COc1ccc(cc1)C(=O)C1CCN(CC1)[C@H]1CCN(CC(=O)Nc2nnc3SCCn23)C1=O,374,IC50
COc1ccc(cc1)C(=O)C1CCN(CC1)[C@@H]1CCN(CC(=O)Nc2nnc3SCCn23)C1=O,374,IC50
COc1ccc(cc1)-c1cnn(c1)C1CCN(CC(=O)NCc2nc3CCOCc3c(=O)[nH]2)CC1,386,IC50
COc1ccc(cc1)C(=O)C1CCN(CC1)[C@@H]1CCN(Cc2cc3ccccc(=O)c3[nH]2)C1=O,390,IC50
COc1ccc(cc1)C(=O)C1CCN(CC1)[C@@H]1CCN(Cc2nc3ccccc(=O)c3[nH]2)C1=O,390,IC50
O=C(Nc1ccncc1)[C@H]1CC[C@H](Cn2c(=O)n(Cc3ccccc3C#N)c3cccnc3c2=O)CC1,398,IC50
Clc1ccc(cc1)C1NC(=O)c2ccccc2N1,410,IC50
Cn1cc(cn1)C(=O)C1CCN(CC1)C(=O)C(C)(C)CCc1nc2ccccc2c(=O)[nH]1,420,IC50
CN1CCCc2c1cc([nH]c2=O)-c1ccc(Br)cc1,423,IC50
Clc1ccccc1-n1c(nnc1-c1ccncn1)[C@H]1CC[C@@H](CC1)n1c2ccccc2[nH]c1=O,430,IC50
CC(Cc1cc(Cl)nc(Cl)c1)(C#N)c1ccc2c3CCCCc3c(=O)[nH]c2c1,447,IC50
COc1ccc(cc1)-c1cc(=O)c2ccc(O)cc2o1,450,IC50
O=C(CCCc1nc2ccccc2c(=O)[nH]1)N1CCN(CC1)c1nsc2ccccc12,451,IC50
COc1cccc2c1nc([nH]c2=O)-c1ccc(F)cc1,459,IC50
COc1ccc(cc1)-n1c(SCc2nc(no2)-c2ccc(C)cc2)nnc1-c1ccncc1,460,IC50
COc1ccc2C(=O)CC(CC(=O)N[C@@H](CNC(=O)c3ccccc3N3CCC(=O)NC3=O)C(N)=O)c2c1,468,IC50
CN(C)CCn1c2CC(C)(C)Cc3n[nH]c(=O)c4cc(F)cc1c4c23,480,IC50
O=C(CCc1cc(=O)n2ccccc2n1)N[C@H]1CC[C@@H](CC1)c1nnc(o1)-c1ccccc1,489,IC50
CCOc1ccc(cc1)-n1c(SCc2nc(no2)-c2ccc(OC)cc2)nnc1-c1ccncc1,509,IC50
Cc1ccc(cc1)-c1nc2ccccc2c(=O)[nH]1,540,IC50
Oc1nc(nc2ccccc12)-c1ccccc1,540,IC50
O=C1NC(Nc2ccccc12)c1ccccc1OCc1ccccc1,575,IC50
CC(C)(C)OC(=O)N1CCC2(CCN(C2)C(=O)c2cc(Cc3n[nH]c(=O)c4ccccc34)ccc2F)C1,576,IC50
O=c1[nH]c(SCCN2CCN(CCCOc3ccc(cc3)-c3ccccc3)CC2)nc2ccccc12,588,IC50
Cc1nnc(SCc2nc(no2)-c2ccc(C)cc2)n1-c1ccc(C)cc1,589,IC50
COc1ccc(cc1)C(=O)C1CCN(CC1)[C@@H]1CCN(Cc2nc3CCOCc3c(=O)[nH]2)C1=O,600,IC50
O=c1[nH]c(nc2ccccc12)-c1ccc2OCOc2c1,620,IC50
Oc1cccc(c1)-c1cc(=O)c2ccc(O)cc2o1,620,IC50
O=C(CCc1nc2ccccc2c(=O)[nH]1)N[C@H]1CC[C@@H](CC1)c1nnc(Cc2ccccc2)o1,624,IC50
COc1ccc(cc1)-c1noc(CSc2nnc(C)n2-c2ccc(C)cc2)n1,629,IC50
COc1ccc(cc1)C(=O)C1CCN(CC1)C1CCN(CC(=O)Nc2nnc3ccccn23)C1=O,636,IC50
Nc1ccc(cc1)-c1nc2ccccc2c(=O)[nH]1,690,IC50
CC1(C)Cc2n(CCN3CCCCC3)c3cccc4c3c2c(C1)n[nH]c4=O,700,IC50
CC(C)(O)c1ccc(nc1)-c1nc2ccc(F)cc2c(=O)[nH]1,700,IC50
CCc1c(C)nc(nc1O)N1CCN(CC1)c1ccccc1F,720,IC50
CC(N(C)C(=O)CN1CCC(CC1)C(=O)c1ccc(F)cc1)c1nc2CCOCc2c(=O)[nH]1,723,IC50
Clc1ccc(cc1)C1NC(=O)c2cccnc2N1,759,IC50
O=C(CN1CCC2(CC1)CCc1ccccc1C2=O)NCc1nc2CCOCc2c(=O)[nH]1,760,IC50
COc1ccc(cc1)C(=O)C1CCN(CC1)C1CCN(Cc2nccc(=O)[nH]2)C1=O,764,IC50
O=C(CN1CCC(CC1)C(=O)c1ccc(OCc2ccccc2)cc1)N(CC1CC1)Cc1nc2CCOCc2c(=O)[nH]1,764,IC50
COc1ccc(cc1)-c1noc(CSc2nnc(-c3ccncc3)n2-c2ccccc2)n1,783,IC50
O=C(CN1CCC(CC1)C(=O)N1CCc2ccccc2C1)NCc1nc2CCOCc2c(=O)[nH]1,815,IC50
CC1(C)Cc2[nH]c3cccc4c3c2c(C1)n[nH]c4=O,832,IC50
COc1ccc(cc1OC)-c1noc(CSc2nnc(C)n2-c2ccccc2)n1,861,IC50
COc1cccc2c(O)nc(nc12)-c1ccc(cc1)[N+]([O-])=O,863,IC50
Oc1ccc2c(c1)oc(cc2=O)-c1ccc(O)c(O)c1,870,IC50
CNCc1ccc(cc1)-c1[nH]c2cc(F)cc3C(=O)NCCc1c23,890,IC50
Brc1ccc(CCNC(=O)c2ccccc2N2CCC(=O)NC2=O)cc1,910,IC50
CC1CN(Cc2nnc(n12)C(F)(F)F)C(=O)c1cc(Cc2n[nH]c(=O)c3ccccc23)ccc1F,930,IC50
CC(C)(C)OC(=O)N1CCC2(CCN(C2)C(=O)c2cc(Cc3n[nH]c(=O)c4ccccc34)ccc2F)CC1,953,IC50
COc1ccc(cc1)C(=O)C1CCN(CC1)C1CCN(CC(=O)Nc2nncc3OCCCc23)C1=O,970,IC50
COc1ccc(cc1)C1NC(=O)c2ccccc2N1,990,IC50
NC(=O)c1cccc2C(=O)\C(Oc12)=C\c1ccc(cc1)C(=O)N1CCn2c(C1)nnc2C(F)(F)F,>1000,IC50
COc1cccc2c(O)nc(nc12)-c1ccccc1,1029,IC50
CC1(C)CCc2[nH]c3cccc4c3c2c1n[nH]c4=O,1050,IC50
Cc1nnc(SCc2nc(no2)-c2ccc(C)cc2)n1-c1ccc(F)cc1,1070,IC50
COc1cccc2c(O)nc(nc12)-c1ccc(N)cc1,1076,IC50
Oc1cc(O)c2c(c1)oc(cc2=O)-c1ccc(O)c(O)c1,1100,IC50
Cc1ccc(cc1)-c1cc(=O)c2ccccc2o1,1100,IC50
COc1ccc(cc1)-c1noc(CSc2nnc(-c3ccncc3)n2-c2ccc(C)c(C)c2)n1,1100,IC50
Fc1ccc(cc1)-c1cc(=O)c2ccccc2o1,1100,IC50
Oc1nc(nc2ccccc12)-c1ccc(F)cc1,1102,IC50
Fc1ccc(Cc2n[nH]c(=O)c3ccccc23)cc1C(=O)N1CCN(CC1)C(=O)C1CC1,1200,IC50
CC(C)N1Cc2[nH]c3cccc4c3c2c(C1)n[nH]c4=O,1200,IC50
C[C@]12CCCN1Cc1n[nH]c(=O)c3cccc4[nH]c2c1c34,1220,IC50
CN(C)CCn1c2CC(C)(C)Cc3n[nH]c(=O)c4cccc1c4c23,1300,IC50
COc1ccc(cc1)-c1noc(CSc2nnc(-c3ccncc3)n2-c2ccc(C)cc2)n1,1420,IC50
COc1ccc(cc1)C(=O)C1CCN(CC1)C1CCN(CC(=O)Nc2nnnn2C)C1=O,1480,IC50
CC1(C)Cc2n(CCN3CCCC3)c3cccc4c3c2c(C1)n[nH]c4=O,1500,IC50
CC(C)C1Cc2nc(O)c(cc2CO1)C#N,1700,IC50
COc1ccc2C(=O)C3(Cc2c1)CCN(CC3)[C@H]1CCN(Cc2nc3CCOCc3c(=O)[nH]2)C1=O,1720,IC50
COc1ccc2C(=O)C3(Cc2c1)CCN(CC3)[C@@H]1CCN(Cc2nc3CCOCc3c(=O)[nH]2)C1=O,1720,IC50
Cc1cc2nc(CSc3nnc(-c4ccncc4)n3-c3ccccc3Cl)cc(=O)n2cc1C,1800,IC50
Cc1ccc(cc1)-n1c(SCc2nc(no2)-c2ccccc2)nnc1-c1ccncc1,1880,IC50
O=C1NC(Nc2ncccc12)c1ccc(OCc2ccccc2)cc1,1900,IC50
COc1ccc(cc1)C1(CNC(=O)c2ccc(NC(=O)c3ccco3)cc2)CCOCC1,1900,IC50
Cc1nnc(SCc2nc(no2)-c2ccc(C)cc2)n1-c1ccc(C)c(C)c1,2040,IC50
COc1ccc(cc1)C1NC(=O)c2cccnc2N1,2100,IC50
Fc1ccc(cc1)C(=O)C1CCN(CC1)[C@@H]1CCN(Cc2nc3CCOCc3c(=O)[nH]2)C1=O,2120,IC50
COc1ccc(cc1)C1(CNC(=O)c2ccc(NC(=O)c3ccco3)cc2Cl)CCOCC1,2138,IC50
O=c1[nH]c(cc2ccncc12)-c1ccccc1,2200,IC50
COc1ccc(cc1)C1(CNC(=O)c2ccc(NC(=O)c3cnc(C)o3)cc2Cl)CCOCC1,2230,IC50
COc1ccc(cc1)C1(CNC(=O)c2ccc(NC(=O)c3ccc(C)o3)cc2)CCOCC1,2291,IC50
CN1C(NC(=O)c2cccnc12)c1ccc(NC(=O)C2CCC2)cc1,2300,IC50
Clc1ccc(CCNC(=O)c2ccccc2N2CCC(=O)NC2=O)cc1,2399,IC50
CCN(CC)CCn1c2CC(C)(C)Cc3n[nH]c(=O)c4cccc1c4c23,2400,IC50
CCc1ccc(cc1)-n1c(C)nnc1SCc1nc(no1)-c1ccc(OC)cc1,2630,IC50
O=C1NC(Nc2ccccc12)c1ccc(OCc2ccccc2)cc1,2692,IC50
Cc1ccc(cc1)C1NC(=O)c2ccccc2N1,2692,IC50
CC(C)(C)OC(=O)N1CCC2(CC1)CCN(CC2)C(=O)c1cc(Cc2n[nH]c(=O)c3ccccc23)ccc1F,2800,IC50
Oc1ccc(cc1)-c1cc(=O)c2c(O)cc(O)cc2o1,2900,IC50
COCC(=O)N1CCN(CC1)C(=O)[C@H]1CC[C@H](Cn2c(=O)n(C)c3ccc(OC)cc3c2=O)CC1,2900,IC50
C[C@H]1Cn2c(CN1C(=O)c1cccc(c1)C(F)(F)c1n[nH]c(=O)c3ccccc13)nnc2C(C)(F)F,>3000,IC50
COc1ccccc1N1CCN(CC1)c1nc2CCC(C)Cc2c(=O)[nH]1,3476,IC50
CC(C)(N)C(=O)N1Cc2[nH]c3cccc4c3c2c(C1)n[nH]c4=O,3800,IC50
COc1ccccc1N1CCCN(CC1)c1nc2CCCCc2c(=O)[nH]1,4386,IC50
O=C1NC(Nc2ncccc12)c1ccccc1OCc1ccccc1,4467,IC50
C[C@@H](COCCC(=O)N1CCN(CC1)c1ncc(cn1)C(F)(F)F)Nc1cn[nH]c(=O)c1C(F)(F)F,4500,IC50
COc1ccc(cc1)C(=O)C1CCN(CC1)C1CCN(CC(=O)Nc2noc3ccccc23)C1=O,4560,IC50
COc1ccc(cc1)C(=O)C1CCN(CC1)C1CCN(CC(=O)Nc2noc3ncccc23)C1=O,4560,IC50
CCOc1ccc2c(c1)c1ccsc1[nH]c2=O,4700,IC50
Clc1ccc(cc1)-c1nnc(o1)[C@H]1CC[C@@H](CC1)NC(=O)CCCc1nc2ccccc2c(=O)[nH]1,0.43,IC50
Clc1cc(O[C@H]2CC[C@@H](CC2)NC(=O)CCSc2nc3ccccc3c(=O)[nH]2)ccc1C#N,0.431,IC50
O=C(CCCc1nc2ccccc2c(=O)[nH]1)N[C@H]1CC[C@@H](CC1)Oc1ccc(cc1)C#N,0.434,IC50
CCN(C(=O)N1CCC(CC1)C(=O)c1ccc2n(C)c(cc2c1)C(O)=O)c1ccc(OC)cc1,0.440,IC50
C[C@H](CC(=O)N1CCC(CC1)C(=O)c1cnn(c1)C(C)C)Cc1nc2ccccc2c(=O)[nH]1,0.450,IC50
CC(C)(CC(=O)N1CCC(CC1)C(=O)c1ccc(cc1)C(O)=O)Cc1nc2ccccc2c(=O)[nH]1,0.450,IC50
Clc1ccc2[nH]c(=O)n([C@H]3CC[C@@H](CC3)NC(=O)CSc3nc4ccccc4c(=O)[nH]3)c2c1,0.458,IC50
O=C(CCCc1nc2ccccc2c(=O)[nH]1)N[C@H]1CC[C@@H](CC1)c1nnc(o1)-c1ccccc1,0.461,IC50
COc1ccc2n(C3CCN(CC3)C(=O)CCCc3nc4ccccc4c(=O)[nH]3)c(=O)[nH]c2c1,0.475,IC50
Clc1ccc2n(C3CCN(CC3)C(=O)CCCc3nc4ccccc4c(=O)[nH]3)c(=O)[nH]c2c1,0.478,IC50
COC(=O)c1cccc(c1)C(=O)C1CCN(CC1)C(=O)CC(C)(C)Cc1nc2ccccc2c(=O)[nH]1,0.500,IC50
Cc1cc(F)cc2c1nc([nH]c2=O)-c1ccc(cc1)C(C)(C)O,0.500000,IC50
Fc1ccc2n(C3CCN(CC3)C(=O)CCCc3nc4ccccc4c(=O)[nH]3)c(=O)[nH]c2c1,0.517,IC50
Clc1cc(O[C@H]2CC[C@@H](CC2)NC(=O)CCCc2nc3ccccc3c(=O)[nH]2)ccc1C#N,0.52,IC50
CC(C)[C@H](CC(=O)N1CCC(CC1)C(=O)c1cnn(C)c1)Cc1nc2ccccc2c(=O)[nH]1,0.530,IC50
O=C(CCCSc1nc2ccccc2c(=O)[nH]1)N[C@H]1CC[C@@H](CC1)c1nnc(o1)-c1ccccc1,0.533,IC50
C[C@H](CC(=O)N1CCC(CC1)C(=O)c1cccc(c1)C(O)=O)Cc1nc2c(C)cccc2c(=O)[nH]1,0.550,IC50
COC(=O)c1ccc(cc1)C(=O)C1CCN(CC1)C(=O)CC(C)(C)Cc1nc2ccccc2c(=O)[nH]1,0.560,IC50
COc1ccc(cc1)C(=O)C1CCN(CC1)C(=O)N(C)CCc1nc2ccccc2c(=O)[nH]1,0.570,IC50
CC(C)n1cc(cn1)C(=O)C1CCN(CC1)C(=O)CC(C)(C)Cc1nc2n(C)ccc2c(=O)[nH]1,0.580,IC50
C[C@@H](CC(=O)N1CCC(CC1)C(=O)c1cnn(C)c1)Cc1nc2c(C)cc(F)cc2c(=O)[nH]1,0.590,IC50
Fc1ccc2n(C3CCN(CC3)C(=O)CCCc3nc4ccccc4c(=O)[nH]3)c(=O)oc2c1,0.593,IC50
O=C(CCCc1nc2ccccc2c(=O)[nH]1)N1CCC(CC1)c1n[nH]c2ccccc12,0.596,IC50
C[C@H]1CN(C[C@@H](C)N1)c1cc(C)c(cn1)-c1ccc(cc1)-c1nc2n(C)ccc2c(=O)[nH]1,0.600,IC50
Fc1ccc(O[C@H]2CC[C@@H](CC2)NC(=O)CCCc2nc3ccccc3c(=O)[nH]2)cc1,0.601,IC50
Cc1cc(ccc1C(O)=O)C(=O)C1CCN(CC1)C(=O)CC(C)(C)Cc1nc2ccccc2c(=O)[nH]1,0.610,IC50
Clc1ccc(O[C@H]2CC[C@@H](CC2)NC(=O)CCCc2nc3ccccc3c(=O)[nH]2)cc1,0.614,IC50
O=C(CCc1nc2ccccc2c(=O)[nH]1)N[C@H]1CC[C@@H](CC1)n1c2ccccc2oc1=O,0.626,IC50
COC(=O)c1cccc(c1)C(=O)C1CCN(CC1)C(=O)C[C@@H](C)Cc1nc2c(C)cccc2c(=O)[nH]1,0.630,IC50
Clc1ccc(O[C@H]2CC[C@@H](CC2)NC(=O)CCCc2nc3ccccc3c(=O)[nH]2)cc1C#N,0.653,IC50
O=C(CCc1nc2ccccc2c(=O)[nH]1)N[C@H]1CC[C@@H](CC1)n1c2ccccc2[nH]c1=O,0.671,IC50
CC(C)(CC(=O)N1CCC(CC1)C(=O)c1cccc(c1)C(O)=O)Cc1cc2ccccc2c(=O)[nH]1,0.690,IC50
O=C(CCCc1nc2ccccc2c(=O)[nH]1)N[C@H]1CC[C@@H](CC1)Oc1ccccn1,0.719,IC50
C[C@@H](CC(=O)N1CCC(CC1)C(=O)c1cnn(C)c1)Cc1cc2ccccc2c(=O)[nH]1,0.720,IC50
CCOc1ccc(nc1)-c1nnc([C@H]2C[C@@H](C2)NC(=O)c2ccnc3cccnc23)n1-c1ccc(C)s1,0.730000,IC50
Cn1cc(cn1)C(=O)C1CCN(CC1)C(=O)CC(C)(C)Cc1nc2n(C)ncc2c(=O)[nH]1,0.730,IC50
Clc1ccc2n([C@H]3CC[C@@H](CC3)NC(=O)CCSc3nc4ccccc4c(=O)[nH]3)c(=O)[nH]c2c1,0.796,IC50
O=C(CCCc1nc2ccccc2c(=O)[nH]1)N[C@H]1CC[C@@H](CC1)Oc1ccncc1,0.826,IC50
COc1ccc(cc1)C(=O)C1CCN(CC1)C(=O)NCCc1nc2ccccc2c(=O)[nH]1,0.840,IC50
Cc1cc(ccc1C(O)=O)C(=O)C1CCN(CC1)C(=O)CC(C)(C)Cc1nc2c(C)cccc2c(=O)[nH]1,0.880,IC50
Cc1ccc2n1cc([nH]c2=O)-c1ccc(cc1)C(C)(C)O,0.900000,IC50
COc1ccc2[nH]c(=O)n(C3CCN(CC3)C(=O)CCCc3nc4ccccc4c(=O)[nH]3)c2c1,0.981,IC50
COC(=O)c1cccc(c1)C(=O)C1CCN(CC1)C(=O)C[C@H](C)Cc1nc2c(C)cccc2c(=O)[nH]1,1.000,IC50
Cn1cc(cn1)C(=O)C1CCN(CC1)C(=O)CC1(Cc2nc3ccccc3c(=O)[nH]2)CC1,1.000,IC50
O=C1Nc2cc(CN3CCN(CC3)c3ccc(cn3)C#N)ccc2C2NCCCC12,1.000000,IC50
COc1ccc2C(=O)C3(Cc2c1)CCN(CC(=O)N(CC1CC1)Cc1nc2CCOCc2c(=O)[nH]1)CC3,1,IC50
Clc1cccc(O[C@H]2CC[C@@H](CC2)NC(=O)CCCc2nc3ccccc3c(=O)[nH]2)c1,1.02,IC50
CS(=O)(=O)c1ccc(nc1)-c1nnc([C@H]2C[C@@H](C2)NC(=O)c2ccnc3cccnc23)n1-c1ccccc1F,1.1,IC50
Clc1ccc2C(C3CCN(CC3)C(=O)CCCc3nc4ccccc4c(=O)[nH]3)C(=O)Nc2c1,4980,IC50
NC(=O)c1cccc2cn(nc12)-c1ccc(cc1)[C@@H]1CCCNC1,5129,IC50
COc1ccccc1N1CCN(CC1)c1nc2CC[S+]([O-])Cc2c(=O)[nH]1,5345,IC50
Cc1ccc(cc1)C1NC(=O)c2cccnc2N1,5370,IC50
O=C1NC(Nc2ccccc12)c1ccccc1,5495,IC50
CC(C)C(=O)Nc1ccc(cc1)C1NC(=O)c2cccnc2N1C,6200,IC50
COc1ccccc1N1CCC(CC1)c1nc2CCCCc2c(=O)[nH]1,6417,IC50
NC(=O)c1ccc(Oc2cccc(c2)C(N)=O)cc1,6500,IC50
CN1C(NC(=O)c2cccnc12)c1ccc(NC(=O)C2CCOCC2)cc1,6600,IC50
COc1ccccc1N1CCN(CC1)c1nc2CCNCc2c(=O)[nH]1,6984,IC50
O=C1NC(Nc2ccccc12)c1cccc(OCc2ccccc2)c1,7244,IC50
COc1ccc2C(=O)CC(CC(=O)NCCNC(=O)c3ccccc3N3CCC(=O)NC3=O)c2c1,7900,IC50
O=C(NCc1ccccc1)[C@H]1CC[C@H](Cn2c(=O)n(Cc3ccccc3C#N)c3ccccc3c2=O)CC1,7943,IC50
O=C(NCCc1nc(no1)-c1ccccn1)c1ccccc1N1CCC(=O)NC1=O,8100,IC50
O=C(NCc1ccc(cc1)-n1cccn1)c1ccccc1N1CCC(=O)NC1=O,8300,IC50
COc1ccccc1N1CCN(CC1)C1=NC2CCCCCC2C(=O)N1,9336,IC50
O=c1[nH][nH]c(=O)c2cc(OCc3ccsc3)ccc12,>10000,IC50
COc1ccc(cc1)-n1c(NCc2nc(no2)-c2ccc(C)cc2)nnc1-c1ccncc1,>10000,IC50
COc1ccc(cc1)-n1c(OCc2nc(no2)-c2ccc(C)cc2)nnc1-c1ccncc1,>10000,IC50
CN1C(NC(=O)c2cccnc12)c1ccc(Cl)cc1Cl,10000,IC50
O=c1[nH]c(cc2ncccc12)-c1ccccc1,10600,IC50
O=C1NC(Nc2ncccc12)c1ccccc1,11482,IC50
Fc1ccc(cc1)-c1nnc(C=Cc2nnc(o2)-c2cc[nH]c(=O)c2)n1-c1ccccc1Cl,12300,IC50
Fc1ccccc1C1NC(=O)c2ccccc2N1,15000,IC50
Cn1cc(cn1)-c1ccc(cc1)-c1cncc(Cl)c1N1CCC2(CCNC2=O)CC1,15000,IC50
Clc1cncc(-c2ccc(cc2)N2CCOCC2)c1N1CCC2(CCNC2=O)CC1,16000,IC50
Fc1ccc(cc1)-c1nnc(SCc2nc(no2)-c2ccccc2)n1-c1ccccc1,>19000,IC50
C(Sc1nnc(-c2cccs2)n1-c1ccccc1)c1nc(no1)-c1ccccc1,>19000,IC50
C(Sc1nnc(-c2ccccc2)n1-c1ccccc1)c1nc(no1)-c1ccccc1,>19000,IC50
COc1ccc(cc1)-n1c(SCc2nc(no2)-c2ccc(C)cc2)nnc1-c1ccccc1,>19000,IC50
C(Sc1nnc(-c2ccco2)n1-c1ccccc1)c1nc(no1)-c1ccccc1,>19000,IC50
COc1ccccc1N1CCN(CC1)c1nc2CCN(C)Cc2c(=O)[nH]1,>20000,IC50
Brc1cccc(COc2ccc3c(c2)c2ccsc2[nH]c3=O)c1,20000,IC50
COc1ccccc1N1CCN(CC1)c1nc2CCC(C)(C)Cc2c(=O)[nH]1,>20000,IC50
CC(C)Oc1ccc2c(c1)c1ccsc1[nH]c2=O,22000,IC50
C[C@@]1(CCCN1)c1nc2cccc(C(N)=O)c2[nH]1,23988,IC50
Clc1ccccc1C1NC(=O)c2ccccc2N1,31200,IC50
COc1ccc2N(CCCc2c1)C(=O)C1CCN(CC(=O)NCc2nc3CCOCc3c(=O)[nH]2)CC1,31200,IC50
CC(C)(C)c1ccc(cc1)C1NC(=O)c2cccnc2N1,53000,IC50
O=c1[nH]c2sccc2c2cc(OCc3ccccc3)ccc12,57000,IC50
Fc1ccccc1C1NC(=O)c2cccnc2N1,63000,IC50
CCCc1c(C)nc(nc1O)N1CCN(CC1)c1ccccc1F,63096,IC50
Cc1ccccc1C1NC(=O)c2ccccc2N1,92000,IC50
Cc1ccccc1C1NC(=O)c2cccnc2N1,93000,IC50
Cc1cccc2c1nc(CCC(O)=O)[nH]c2=O,>100000,IC50
Nc1ccc(cc1)C(=O)Nc1cccc2cccnc12,>100000,IC50
OC(=O)CCc1nc(O)c2ccccc2n1,>100000,IC50
O=c1[nH]c(nc2OCCc12)N1CCNCC1,>100000,IC50
NC(=O)c1ccc(Oc2ccc(cc2)C(N)=O)cc1,>100000,IC50
NC(=O)c1ccc(Oc2ccc(cc2)C#N)cc1,>100000,IC50
NC(=O)c1ccc(OCc2cccc(Br)c2)cc1,>100000,IC50
NC(=O)c1ccc(OCC2CCCCC2)cc1,>100000,IC50
NC(=O)c1ccc(OCC2CCCC2)cc1,>100000,IC50
NC(=O)c1ccc(OCC2CCC2)cc1,>100000,IC50
NC(=O)c1ccc(OCC2CC2)cc1,>100000,IC50
NC(=O)c1ccc(OCc2cncs2)cc1,>100000,IC50
COc1cc(OCC2CCCCC2)ccc1C(N)=O,>100000,IC50
COc1cc(OCc2cccc(Br)c2)ccc1C(N)=O,>100000,IC50
COc1cc(OCc2cccc3ccccc23)ccc1C(N)=O,>100000,IC50
COc1cc(OCc2ccccc2F)ccc1C(N)=O,>100000,IC50
NC(=O)c1ccc(OCC2CCCCC2)cc1F,>100000,IC50
NC(=O)c1ccc(OCC2CCC2)cc1F,>100000,IC50
NC(=O)c1ccc(OCc2cccc(Br)c2)cc1F,>100000,IC50
COc1ccccc1COc1ccc(C(N)=O)c(F)c1,>100000,IC50
NC(=O)c1ccc(OCC2CCCCC2)cc1OCc1ccccn1,>100000,IC50
NC(=O)c1ccc(OCC2CCC2)cc1OCCN1CCNCC1,>100000,IC50
O=c1[nH][nH]c(=O)c2cc(OCC3CCCCC3)ccc12,>100000,IC50
O=c1[nH][nH]c(=O)c2cc(OCC3CCCC3)ccc12,>100000,IC50
O=c1[nH][nH]c(=O)c2cc(OCC3CCC3)ccc12,>100000,IC50
O=c1[nH][nH]c(=O)c2cc(OCC3CC3)ccc12,>100000,IC50
Brc1cccc(COc2ccc3c(c2)c(=O)[nH][nH]c3=O)c1,>100000,IC50
Fc1ccccc1COc1ccc2c(c1)c(=O)[nH][nH]c2=O,>100000,IC50
Cc1c2CCNC(=O)c2ccc1-c1ccnc(c1)C(F)(F)F,>100000,IC50
NC(=O)c1ccc(Oc2ccc(C=O)cc2)cc1,>100000,IC50
NC(=O)c1ccc(OCc2ccccc2F)cc1,>100000,IC50
NC(=O)c1ccc(Oc2ccc(cc2)C(O)=O)cc1,>100000,IC50
COc1ccc(cc1)C(N)=O,>100000,IC50
Clc1ccccc1C1NC(=O)c2cccnc2N1,140000,IC50
CCCC1Cc2[nH]c3cccc4c3c2c(C1)n[nH]c4=O,164000,IC50
O=C1NC(Nc2ncccc12)c1cccc(OCc2ccccc2)c1,230000,IC50
CC(N1Cc2[nH]c3cccc4c3c2c(C1)n[nH]c4=O)C(C)(C)N,3800000,IC50
C[C@]12O[C@H](C[C@]1(O)CO)n1c3ccccc3c3c4C(=O)NCc4c4c5ccccc5n2c4c13,6.6,Kd
CO[C@@H]1[C@@H](C[C@H]2O[C@]1(C)n1c3ccccc3c3c4CNC(=O)c4c4c5ccccc5n2c4c13)N(C)C(=O)c1ccccc1,120,Kd
CO[C@@H]1[C@@H](C[C@H]2O[C@]1(C)n1c3ccccc3c3c4[C@H](O)NC(=O)c4c4c5ccccc5n2c4c13)N(C)C(=O)c1ccccc1,15,Kd
COc1cc2c(ncnc2cc1OCCCN1CCCCC1)N1CCN(CC1)C(=O)Nc1ccc(OC(C)C)cc1,>10000,Kd
CNC(=O)c1cc(Oc2ccc(NC(=O)Nc3ccc(Cl)c(c3)C(F)(F)F)cc2)ccn1,>10000,Kd
CCN(CC)CCNC(=O)c1c(C)[nH]c(\C=C2/C(=O)Nc3ccc(F)cc23)c1C,8900,Kd
FC(F)(F)c1ccc(cc1)-c1nc2CCSCc2c(=O)[nH]1,10,Kd
Oc1c2[C@H]3C[C@H](C=C3)c2c(O)n1-c1ccc(cc1)C(=O)Nc1ccccc1,>25000,EC50
Oc1c2[C@H]3C[C@H](C=C3)c2c(O)n1-c1ccc(cc1)C(=O)Nc1ccc(Br)cc1,1000,EC50
Oc1c2[C@H]3C[C@H](C=C3)c2c(O)n1-c1ccc(cc1)C(=O)NCc1ccccc1,20000,EC50
Oc1c2[C@H]3C[C@H](C=C3)c2c(O)n1-c1ccc(cc1)C(=O)NCc1ccncc1,10000,EC50
CO[C@H]1CCCC[C@@H]1NC(=O)c1ccc(cc1)-n1c(O)c2[C@H]3C[C@H](C=C3)c2c1O,2000,EC50
Oc1c2[C@H]3C[C@H](C=C3)c2c(O)n1-c1ccc(cc1)C(=O)NC1CCCCC1,>25000,EC50
Oc1c2[C@H]3CC[C@H](C3)c2c(O)n1-c1ccc(cc1)C(=O)Nc1cccc2cccnc12,200,EC50
COc1cc(CC=C)cc(c1O)-c1cc(CC=C)cc(O)c1O,21,Kd
Oc1nc(nc2CCSCc12)-c1ccc(cc1)C(F)(F)F,4.2,Kd
COc1cc(CCCOC(C)=O)cc(c1O)-c1cc(CCCOC(C)=O)cc(OC)c1O,6.5,Kd
COc1cc(CCCO)cc(c1O)-c1cc(CCCO)cc(OC)c1O,19,Kd
O=C(NCc1ccco1)c1ccc2nccnc2c1,1050000,Kd
C[C@@]1(CCCN1)c1nc2c(cccc2[nH]1)C(N)=O,>10000,Kd
CCOc1ccc(nc1)-c1nnc([C@H]2C[C@@H](C2)NC(=O)c2cccc3nc(C)cnc23)n1-c1ccccc1F,1.1,IC50
O=C(CCCc1nc2ccccc2c(=O)[nH]1)N1CCC(CC1)n1c2cccnc2[nH]c1=O,1.18,IC50
O=C(CCCc1nc2ccccc2c(=O)[nH]1)N[C@H]1CC[C@@H](CC1)Oc1cccc(c1)C#N,1.25,IC50
O=C(CCSc1nc2ccccc2c(=O)[nH]1)N[C@H]1CC[C@@H](CC1)n1c2ccc(cc2[nH]c1=O)C#N,1.31,IC50
Fc1ccc(cc1Cl)-c1nnc(o1)[C@H]1CC[C@@H](CC1)NC(=O)CCSc1nc2ccccc2c(=O)[nH]1,1.38,IC50
Cc1cccc2c1nc([nH]c2=O)-c1ccc(cc1)C(C)(C)O,1.4,IC50
Cc1cc(F)cc2c1nc([nH]c2=O)-c1ccc(cc1)C(C)(C)OCCO,1.5,IC50
CCOc1ccc(nc1)-c1nnc([C@H]2C[C@@H](C2)NC(=O)c2cc(F)cc3nccnc23)n1-c1ccccc1F,1.5,IC50
CCOc1ccc(nc1)-c1nnc([C@H]2C[C@@H](C2)NC(=O)c2cccc3ncc(C)nc23)n1-c1ccccc1F,1.5,IC50
O=C(CCCc1nc2ccccc2c(=O)[nH]1)N1CCC(CC1)n1c2ncccc2[nH]c1=O,1.51,IC50
Cc1cccc(n1)-c1nnc([C@H]2C[C@@H](C2)NC(=O)c2cc(F)cc3nccnc23)n1-c1ccccc1F,1.6,IC50
Fc1ccccc1-n1c(nnc1-c1ccccn1)[C@H]1C[C@@H](C1)NC(=O)c1cccc2nccnc12,1.6,IC50
CCOc1ccc(nc1)-c1nnc([C@H]2C[C@@H](C2)NC(=O)c2ccnc3cc(F)cnc23)n1-c1ccc(C)s1,1.6,IC50
Cc1ccc2n(C3CCN(CC3)C(=O)CCCc3nc4ccccc4c(=O)[nH]3)c(=O)[nH]c2c1,1.6,IC50
Fc1cccc2n(C3CCN(CC3)C(=O)CCCc3nc4ccccc4c(=O)[nH]3)c(=O)[nH]c12,1.68,IC50
COc1ccc(cc1)-c1cc2N(C)CCCc2c(=O)[nH]1,1.7,IC50
Cc1cccc(n1)-c1nnc([C@H]2C[C@@H](C2)NC(=O)c2cccc3nccnc23)n1-c1ccccc1F,1.7,IC50
COc1ncc(cc1C)C(=O)C1CCN(CC1)C(=O)CC(C)(C)Cc1nc2n(C)ncc2c(=O)[nH]1,1.80,IC50
Fc1cnc2c(ccnc2c1)C(=O)N[C@H]1C[C@@H](C1)c1nnc(-c2ccccn2)n1-c1ccccc1F,1.8,IC50
CN1CCN(CC1)c1ccc(cc1)-c1nc2c(C)cc(F)cc2c(=O)[nH]1,1.8,IC50
CS(=O)(=O)c1ccc(nc1)-c1nnc([C@H]2C[C@@H](C2)NC(=O)c2cccc3cccnc23)n1-c1ccccc1F,1.8,IC50
O=C(CCCc1nc2ccccc2c(=O)[nH]1)N1CCC(CC1)n1c2ccccc2sc1=O,1.81,IC50
CCOc1ccc(nc1)-c1nnc([C@H]2C[C@@H](C2)NC(=O)c2cccc3nccnc23)n1-c1ccccc1F,1.9,IC50
FC(F)Oc1ccc(nc1)-c1nnc([C@H]2C[C@@H](C2)NC(=O)c2cccc3nccnc23)n1-c1ccccc1F,1.9,IC50
C[C@@H](CC(=O)N1CCC(CC1)C(=O)c1cnn(C)c1)Cc1nc2ccccc2c(=O)[nH]1,1.90,IC50
Fc1cc(C(=O)N[C@H]2C[C@@H](C2)c2nnc(-c3ccccn3)n2-c2ccccc2F)c2nccnc2c1,2.0,IC50
COc1ccccc1NC(=O)c1ccc(NC(=O)CCc2nc3ccccc3c(=O)[nH]2)cc1,2.0,IC50
Cc1cccc2c1nc(CC(C)(C)CC(=O)N1CCC(CC1)C(=O)c1cccc(c1)C(O)=O)[nH]c2=O,2.00,IC50
FC(F)Oc1ccc(nc1)-c1nnc([C@H]2C[C@@H](C2)NC(=O)c2ccnc3cc(F)cnc23)n1-c1ccccc1F,2.0,IC50
Clc1ccc(cc1)-c1nnc(o1)C1CCN(CC1)C(=O)CCCc1nc2ccccc2c(=O)[nH]1,2.06,IC50
COC(=O)c1cccc(c1)C(=O)C1CCN(CC1)C(=O)CC(C)(C)Cc1nc2c(C)cccc2c(=O)[nH]1,2.10,IC50
COc1ccc(cc1)C(=O)C1CCN(CC1)C(=O)COCc1nc2ccccc2c(=O)[nH]1,2.10,IC50
COc1ccc(cn1)C(=O)C1CCN(CC1)C(=O)CC(C)(C)Cc1nc2n(C)ncc2c(=O)[nH]1,2.10,IC50
Cc1cccc(n1)-c1nnc([C@H]2C[C@@H](C2)NC(=O)c2ccnc3cc(F)cnc23)n1-c1ccccc1F,2.2,IC50
CN1CCC(CC1)c1ccc(cc1)-c1nc2c(C)cc(F)cc2c(=O)[nH]1,2.2,IC50
Cc1cccc(n1)-c1nnc([C@H]2C[C@@H](C2)NC(=O)c2ccnc3cccnc23)n1-c1ccccc1F,2.2,IC50
CN(CCc1nc2ccccc2c(=O)[nH]1)C(=O)N1CCC(CC1)C(=O)c1cnn(C)c1,2.20,IC50
COc1ccccc1N1CCN(CC1)c1nc2CCSCc2c(=O)[nH]1,2.3,IC50
Fc1ccc(O[C@H]2CC[C@@H](CC2)NC(=O)CSc2nc3ccccc3c(=O)[nH]2)cc1,2.38,IC50
O=C(CCCc1nc2ccccc2c(=O)[nH]1)N[C@H]1CC[C@@H](CC1)Oc1cccnc1,2.39,IC50
FC(F)Oc1ccc(nc1)-c1nnc([C@H]2C[C@@H](C2)NC(=O)c2cc(F)cc3nccnc23)n1-c1ccccc1F,2.4,IC50
CCOc1ccc(nc1)-c1nnc([C@H]2C[C@@H](C2)NC(=O)c2cccc3cccnc23)n1-c1ccc(C)s1,2.4,IC50
Fc1ccccc1-n1c(nnc1-c1ccccn1)[C@H]1C[C@@H](C1)NC(=O)c1ccnc2cccnc12,2.4,IC50
COc1ccc2C(=O)C3(Cc2c1)CCN(CC(=O)N(CC(F)F)Cc1nc2CCOCc2c(=O)[nH]1)CC3,2.5,IC50
C1CC2=C(CS1)N=C(NC2)c1ccccc1,2.5,IC50
O=C(CCSc1nc2CCCCc2c(=O)[nH]1)N[C@H]1CC[C@@H](CC1)c1nnc(o1)-c1ccccc1,2.51,IC50
Clc1ccc2n([C@H]3CC[C@@H](CC3)NC(=O)CSc3nc4ccccc4c(=O)[nH]3)c(=O)[nH]c2c1,2.52,IC50
Clc1cccc(c1)-c1nnc(o1)C1CCN(CC1)C(=O)CCCc1nc2ccccc2c(=O)[nH]1,2.54,IC50
Fc1ccc(cc1)-c1nnc(o1)C1CCN(CC1)C(=O)CCCc1nc2ccccc2c(=O)[nH]1,2.59,IC50
Clc1ccccc1-n1c(nnc1-c1ccncn1)[C@H]1C[C@@H](C1)NC(=O)c1ccnc2cccnc12,2.6,IC50
CCOc1ccc(nc1)-c1nnc([C@H]2C[C@@H](C2)NC(=O)c2cccc3nc(C)c(C)nc23)n1-c1ccccc1F,2.6,IC50
COc1ccc(cc1)N1CCN(CC1)c1nc2CCSCc2c(=O)[nH]1,2.6,IC50
O=C(CCCc1nc2ccccc2c(=O)[nH]1)N1CCC(CC1)n1nnc2ccccc12,2.75,IC50
Fc1cccc2NCC3(CCN(CC3)c3nc4CCCCc4c(=O)[nH]3)c12,2.8,IC50
C[C@@H](CC(=O)N1CCC(CC1)C(=O)c1cccc(c1)C(O)=O)Cc1nc2c(C)cc(F)cc2c(=O)[nH]1,2.80,IC50
CCOc1ccc(nc1)-c1nnc([C@H]2C[C@@H](C2)NC(=O)c2ccnc3cc(F)cnc23)n1-c1ccncc1,2.9,IC50
FC(F)Oc1ccc(nc1)-c1nnc([C@H]2C[C@@H](C2)NC(=O)c2ccnc3cccnc23)n1-c1ccccc1F,2.9,IC50
COc1ccc(cc1C)C(=O)C1CCN(CC1)[C@H]1CCN(Cc2nc3CCOCc3c(=O)[nH]2)C1=O,3,IC50
O=C(Nc1cccc2c1cc[nH]c2=O)[C@H]1CCCNC1,3.0,IC50
COc1ccc(cc1)C(=O)C1CCN(CC1)C(=O)COCc1nc2c(F)cc(F)cc2c(=O)[nH]1,3.00,IC50
Cc1cccc2c1nc([nH]c2=O)-c1ccc(O)cc1,3,IC50
O=C(CCSc1nc2ccccc2c(=O)[nH]1)N[C@H]1CC[C@@H](CC1)c1nnc(o1)-c1ccncc1,3.11,IC50
O=C(CCSc1nc2CCCCc2c(=O)[nH]1)N[C@H]1CC[C@@H](CC1)Oc1ccc(cc1)C#N,3.13,IC50
O=C(CCCc1nc2ccccc2c(=O)[nH]1)N1CCC(CC1)c1nnc(o1)-c1cccc(c1)C#N,3.19,IC50
O=c1[nH]nc2c3CCCCc3[nH]c3cccc1c23,3.2,IC50
CC(C)(CC(=O)N1CCC(CC1)C(=O)c1cccc(c1)C(O)=O)Cc1nc2ccccc2c(=O)[nH]1,3.30,IC50
Fc1cc2NCC3(CCN(CC3)c3nc4CCCCc4c(=O)[nH]3)c2c(F)c1,3.3,IC50
Fc1ccccc1-n1c(nnc1-c1nccs1)[C@H]1C[C@@H](C1)NC(=O)c1ccnc2cccnc12,3.3,IC50
Cc1cccc2c1nc([nH]c2=O)-c1ccc(N)cc1,3.3,IC50
Fc1cccc(c1)-c1nnc(o1)[C@H]1CC[C@@H](CC1)NC(=O)CCSc1nc2ccccc2c(=O)[nH]1,3.34,IC50
COc1ccc(cc1)-c1nnc(o1)C1CCN(CC1)C(=O)CCCc1nc2ccccc2c(=O)[nH]1,3.35,IC50
Cc1ccc2[nH]c(=O)n(C3CCN(CC3)C(=O)CCCc3nc4ccccc4c(=O)[nH]3)c2c1,3.38,IC50
Cc1cccc2c1nc([nH]c2=O)N1CCC2(CC1)C(=O)N(CCO)c1cc(F)cc(F)c21,3.4,IC50
Cc1cc(=O)[nH]c(SCCC(=O)N[C@H]2CC[C@@H](CC2)c2nnc(o2)-c2ccccc2)n1,3.48,IC50
O=C(CCCc1nc2ccccc2c(=O)[nH]1)N1CCC(CC1)n1c2ccccc2oc1=O,3.53,IC50
O=C(CSc1nc2ccccc2c(=O)[nH]1)N[C@H]1CC[C@@H](CC1)c1nnc(o1)-c1ccccc1,3.59,IC50
CC(C)(C)c1ccc(cc1)-c1nc2ccc(F)cc2c(=O)[nH]1,3.6,IC50
Clc1ccccc1-n1c(nnc1C12CC(C1)(C2)n1c2ccc(cc2[nH]c1=O)C#N)-c1ccncn1,3.6,IC50
Cc1ccc2n1nc(CCCC(=O)N1CCC(CC1)Oc1ccc(cc1)C#N)[nH]c2=O,3.9,IC50
Fc1ccc(cc1Cl)-c1nnc(o1)C1CCN(CC1)C(=O)CCCc1nc2ccccc2c(=O)[nH]1,3.91,IC50
Fc1ccc(cc1)-c1nnc(o1)[C@H]1CC[C@@H](CC1)NC(=O)CCSc1nc2ccccc2c(=O)[nH]1,3.98,IC50
Fc1ccc2C(=O)C3(Cc2c1)CCN(CC(=O)N(CC1CC1)Cc1nc2CCOCc2c(=O)[nH]1)CC3,4,IC50
FC(F)(F)c1ccc(cc1)-c1nc2CSCCc2c(=O)[nH]1,4.0,IC50
O=C(CCCc1nc2ccccc2c(=O)[nH]1)N1CCC(=CC1)n1c2ccccc2[nH]c1=O,4.01,IC50
O=C(CCSc1nc2ccccc2c(=O)[nH]1)N[C@H]1CC[C@@H](CC1)c1nnc(o1)-c1ccccc1,4.1,IC50
Cc1cccc(c1)-c1nnc(o1)C1CCN(CC1)C(=O)CCCc1nc2ccccc2c(=O)[nH]1,4.13,IC50
COc1ccc(NC(=O)c2ccc(NC(=O)N3CCN(CC3)C(=O)c3cc(Cc4n[nH]c(=O)c5ccccc45)ccc3F)cc2)cc1,4.2,IC50
Fc1ccc2onc(C3CCN(CC3)C(=O)CCCc3nc4ccccc4c(=O)[nH]3)c2c1,4.24,IC50
CCOc1ccc(nc1)-c1nnc([C@H]2C[C@@H](C2)NC(=O)c2ccnc3cccnc23)n1-c1ccccc1F,4.3,IC50
C[C@@H](CC(=O)N1CCC(CC1)C(=O)c1cnn(c1)C(C)C)Cc1nc2ccccc2c(=O)[nH]1,4.40,IC50
O=C(CCSCc1nc2ccccc2c(=O)[nH]1)N[C@H]1CC[C@@H](CC1)c1nnc(o1)-c1ccccc1,4.44,IC50
CCOc1ccc(nc1)-c1nnc([C@H]2C[C@@H](C2)NC(=O)c2ccnc3cccnc23)n1-c1cccnc1,4.5,IC50
CCOc1ccc(nc1)-c1nnc([C@H]2C[C@@H](C2)NC(=O)c2ccccn2)n1-c1ccc(C)s1,4.6,IC50
COC(=O)c1ccc(cc1C)C(=O)C1CCN(CC1)C(=O)CC(C)(C)Cc1nc2c(C)cccc2c(=O)[nH]1,4.70,IC50
CN1C(=O)C2(CCN(CC2)c2nc3N(C)CCCc3c(=O)[nH]2)c2c1cc(OCCO)cc2F,4.7,IC50
Fc1cccc2NC(=O)C3(CCN(CC3)c3nc4CCCCc4c(=O)[nH]3)c12,4.7,IC50
COc1cccc(c1)N1CCN(CC1)c1nc2CCSCc2c(=O)[nH]1,4.8,IC50
Fc1cccc(c1)-c1nnc(o1)C1CCN(CC1)C(=O)CCCc1nc2ccccc2c(=O)[nH]1,4.84,IC50
O=C(CCCc1nc2ccccc2c(=O)[nH]1)N1CCC(CC1)c1nnc(o1)-c1ccncc1,4.86,IC50
O=C(CCCc1nc2ccccc2c(=O)[nH]1)N1CCC(CC1)c1nnc(o1)-c1ccc(cc1)C#N,4.89,IC50
Clc1ccccc1-n1c(nnc1-c1ccncn1)[C@H]1C[C@@H](C1)NC(=O)c1ccccn1,4.9,IC50
Clc1cccc2NC(=O)C3(CCN(CC3)c3nc4CCCCc4c(=O)[nH]3)c12,4.9,IC50
O=C(CCCc1nc2ccccc2c(=O)[nH]1)N1CCC(CC1)n1c2ccccc2[nH]c1=O,4.91,IC50
COc1cccc(c1)-c1nnc(o1)C1CCN(CC1)C(=O)CCCc1nc2ccccc2c(=O)[nH]1,4.95,IC50
Clc1cccc(c1)-c1nnc(o1)[C@H]1CC[C@@H](CC1)NC(=O)CCSc1nc2ccccc2c(=O)[nH]1,4.98,IC50
CC1(C)OC(=O)N([C@H]1c1ccccc1)[C@H]1CC[C@@H](CC1)n1c2ccc(Cl)cc2[nH]c1=O,4.98,IC50
COc1ccc(cc1)C(=O)C1CCN(CC1)[C@H]1CCN(Cc2cc3ccccc(=O)c3[nH]2)C1=O,5.00,IC50
COc1ccc(cc1)C(=O)C1CCN(CC1)C(=O)CCC(C)(C)c1nc2ccccc2c(=O)[nH]1,5.00,IC50
COc1ccc(cc1)C(=O)C1CCN(CC1)[C@H]1CCN(Cc2nc3ccccc(=O)c3[nH]2)C1=O,5,IC50
FC(F)CN(Cc1nc2CCOCc2c(=O)[nH]1)C(=O)CN1CCC(CC1)C(=O)c1ccccc1,5,IC50
Fc1ccc2nc(SCCC(=O)N[C@H]3CC[C@@H](CC3)c3nnc(o3)-c3ccccc3)[nH]c(=O)c2c1,5.02,IC50
CCOc1ccc(nc1)-c1nnc([C@H]2C[C@@H](C2)NC(=O)c2ccccn2)n1-c1ccccc1,5.2,IC50
Clc1cccc2NCC3(CCN(CC3)c3nc4CCCCc4c(=O)[nH]3)c12,5.3,IC50
CN(C)Cc1ccc(cc1)C(=O)C1CCN(CC1)C(=O)CC(C)(C)Cc1nc2ccccc2c(=O)[nH]1,5.30,IC50
COc1cccc(c1)-c1nnc(o1)[C@H]1CC[C@@H](CC1)NC(=O)CCSc1nc2ccccc2c(=O)[nH]1,5.35,IC50
CCOc1ccc(nc1)-c1nnc([C@H]2C[C@@H](C2)NC(=O)c2ccnc3cccnc23)n1-c1ccncc1,5.4,IC50
CC1(C)OC(=O)N([C@H]1c1ccccc1)[C@H]1CC[C@@H](CC1)NC(=O)c1ccnc2cccnc12,5.46,IC50
O=C(CCSc1cc(=O)n2ccccc2n1)N[C@H]1CC[C@@H](CC1)c1nnc(o1)-c1ccccc1,5.46,IC50
Cc1cccc2c1nc([nH]c2=O)-c1ccc(Br)cc1,5.5,IC50
CN1CCCc2c1nc([nH]c2=O)N1CCC2(CC1)C(=O)N(CS(C)(=O)=O)c1cc(F)cc(F)c21,5.5,IC50
Clc1ccc2c(NCC22CCN(CC2)c2nc3CCCCc3c(=O)[nH]2)c1,5.8,IC50
CCOc1ccc(nc1)-c1nnc([C@H]2C[C@@H](C2)NC(=O)c2ccnc3cc(F)cnc23)n1-c1cccnc1,5.8,IC50
CCOc1ccc(nc1)-c1nnc([C@H]2C[C@@H](C2)NC(=O)c2ccnc3cccnc23)n1-c1ccccn1,5.8,IC50
Clc1ccc(cc1)-c1nnc(o1)[C@H]1CC[C@@H](CC1)NC(=O)CCc1nc2ccccc2c(=O)[nH]1,5.92,IC50
Fc1ccc(cc1)C(=O)C1CCN(CC1)C1CCN(Cc2nc3CCOCc3c(=O)[nH]2)C1=O,6,IC50
COc1ccc(cc1)C(=O)C1CCN(CC(=O)N(CC2CC2)Cc2nc3CCOCc3c(=O)[nH]2)CC1,6,IC50
COCCOc1ccc(cc1)C(=O)C1CCN(CC(=O)NCc2nc3CCOCc3c(=O)[nH]2)CC1,6,IC50
CN1CCCc2c1nc([nH]c2=O)N1CCC2(CC1)C(=O)N(CC#N)c1cc(F)cc(F)c21,6.1,IC50
COc1cc2N(C)C(=O)C3(CCN(CC3)c3nc4N(C)CCCc4c(=O)[nH]3)c2c(F)c1,6.2,IC50
O=C(CCSc1nc2ccccc2c(=O)[nH]1)N[C@H]1CC[C@@H](CC1)Oc1ccncc1,6.24,IC50
CN1CCCc2c1nc([nH]c2=O)N1CCN(Cc2ncccc2Cl)CC1,6.25,IC50
C1Cc2nc(ncc2CS1)-c1ccccc1,6.3,IC50
O=C(CCSc1nc2ccccc2c(=O)[nH]1)N1CCN(CC1)c1n[nH]c2ccccc12,6.3,IC50
Cc1ccc(cc1)-c1nnc(o1)C1CCN(CC1)C(=O)CCCc1nc2ccccc2c(=O)[nH]1,6.31,IC50
O=C(CSc1nc2ccccc2c(=O)[nH]1)N1CCC(CC1)c1nnc(o1)-c1ccccc1,6.33,IC50
COCCOc1cc2N(C)C(=O)C3(CCN(CC3)c3nc4N(C)CCCc4c(=O)[nH]3)c2c(F)c1,6.4,IC50
FC(F)(F)c1ccc(cc1)-c1nc2CCSC(=O)c2c(=O)[nH]1,6.5,IC50
COc1ccccc1NC(=O)c1ccc(NC(=O)N2CCN(CC2)C(=O)c2cc(Cc3n[nH]c(=O)c4ccccc34)ccc2F)cc1,6.5,IC50
O=C(CCCc1nc2ccccc2c(=O)[nH]1)N1CCC(CC1)c1nnc(o1)-c1cccnc1,6.54,IC50
CN1CCCc2c1nc([nH]c2=O)N1CCN(Cc2ncccc2Br)CC1,6.58,IC50
Cc1ccc(cc1)-c1nc2c(C)cccc2c(=O)[nH]1,6.7,IC50
OCCN1C(=O)C2(CCN(CC2)c2nc3CCCCc3c(=O)[nH]2)c2c1cccc2Cl,6.8,IC50
CC(C)(O)c1ccc(cc1)-c1nc2c(F)cc(F)cc2c(=O)[nH]1,7.0,IC50
Clc1ccc(cc1)C(=O)C1CCN(CC(=O)NCc2nc3CCOCc3c(=O)[nH]2)CC1,7,IC50
COc1ccc(cc1C)C(=O)C1CCN(CC1)[C@H]1CCN(Cc2nc3ccccc(=O)c3[nH]2)C1=O,7,IC50
CC(C)(C)OC(=O)N1CCc2c(C1)[nH]c1cccc3c1c2n[nH]c3=O,7,IC50
Cn1ccc2c1nc([nH]c2=O)N1CCC2(CN(CCO)c3cc(F)cc(F)c23)CC1,7.0,IC50
Clc1cc2NC(=O)C3(CCN(CC3)c3nc4CCCCc4c(=O)[nH]3)c2c(Cl)c1,7.1,IC50
FC(F)Oc1ccc(nc1)-c1nnc([C@H]2C[C@@H](C2)NC(=O)c2ccc(F)cn2)n1-c1ccccc1F,7.4,IC50
Fc1cc2NC(=O)C3(CCN(CC3)c3nc4CCCCc4c(=O)[nH]3)c2c(F)c1,7.5,IC50
Fc1ccc(cc1)C(=O)C1CCN(CC(=O)N(Cc2cccs2)Cc2nc3CCOCc3c(=O)[nH]2)CC1,7.5,IC50
CC(C)(O)c1ccc(cc1)-c1nc2ccc(F)c(F)c2c(=O)[nH]1,7.5,IC50
CN1CCCc2c1cc([nH]c2=O)-c1ccc(cc1)C(F)(F)F,7.5,IC50
CN1CCCc2c1nc([nH]c2=O)N1CCN(Cc2ccccc2C(F)(F)F)CC1,7.54,IC50
O=C(CCSc1nc2ccccc2c(=O)[nH]1)N[C@H]1CC[C@@H](CC1)Oc1ccc(cc1)C#N,7.57,IC50
Fc1ccc2c(NCC22CCN(CC2)c2nc3CCCCc3c(=O)[nH]2)c1,7.6,IC50
CC(C)C[C@H](CC(=O)N1CCC(CC1)C(=O)c1cnn(C)c1)Cc1nc2ccccc2c(=O)[nH]1,7.90,IC50
CC(C)[C@@H](CC(=O)N1CCC(CC1)C(=O)c1cnn(C)c1)Cc1nc2ccccc2c(=O)[nH]1,7.90,IC50
Clc1cccc(c1)-c1nnc(o1)[C@H]1CC[C@@H](CC1)NC(=O)CCc1nc2ccccc2c(=O)[nH]1,7.92,IC50
Fc1ccc2C(=O)C3(Cc2c1)CCN(CC(=O)NCc1nc2CCOCc2c(=O)[nH]1)CC3,8,IC50
FC(F)(F)Oc1ccc(cc1)C(=O)C1CCN(CC(=O)N(CC2CC2)Cc2nc3CCOCc3c(=O)[nH]2)CC1,8,IC50
OCCN1C(=O)C2(CCN(CC2)c2nc3CCCCc3c(=O)[nH]2)c2c1cccc2F,8.2,IC50
O=C(CCCc1nc2ccccc2c(=O)[nH]1)N1CCC(CC1)c1nnc(o1)-c1ccccc1,8.26,IC50
CN1CCCc2c1nc([nH]c2=O)N1CCN(Cc2ncccc2C#N)CC1,8.41,IC50
CCOc1ccc(nc1)-c1nnc([C@H]2C[C@@H](C2)NC(=O)c2ccnc3cc(F)cnc23)n1-c1ccccn1,8.5,IC50
Cc1cccc2c1nc([nH]c2=O)N1CCC2(CN(CCO)c3cc(F)cc(F)c23)CC1,8.5,IC50
Fc1ccccc1-n1c(nnc1-c1ccc(OC2CC2)cn1)[C@H]1C[C@@H](C1)NC(=O)c1ccccn1,8.6,IC50
CC(C)(C)c1ccc(cc1)-c1nc2ccccc2c(=O)[nH]1,8.7,IC50
Nc1cc(=O)[nH]c(SCCC(=O)N[C@H]2CC[C@@H](CC2)c2nnc(o2)-c2ccccc2)n1,8.78,IC50
C[C@@H](CC(=O)N1CCC(CC1)C(=O)c1cccc(c1)C(O)=O)Cc1nc2c(C)cccc2c(=O)[nH]1,8.80,IC50
FC(F)Oc1ccc(nc1)-c1nnc([C@H]2C[C@@H](C2)NC(=O)c2ccccn2)n1-c1ccccc1F,8.8,IC50
NC(=O)c1cccc2C(=O)\C(Oc12)=C\c1ccc(cc1)C(=O)NCCc1nc2c(cccc2[nH]1)C(N)=O,8.8,IC50
CCOc1ccc(cc1)C(=O)C1CCN(CC(=O)NCc2nc3CCOCc3c(=O)[nH]2)CC1,9,IC50
Fc1ccc(cc1)C(=O)C1CCN(CC(=O)N(Cc2nc3CCOCc3c(=O)[nH]2)Cc2ccccc2F)CC1,9,IC50
COc1ccc(cc1)C(=O)C1CCN(CC1)[C@@H]1CCCN(CCC2NC(=O)C3=C(CCOC3)N2)C1=O,9,IC50
COc1ccc(cc1)C(=O)C1CCN(CC1)[C@@H]1CCCN(Cc2nc3CCOCc3c(=O)[nH]2)C1=O,9.00,IC50
CS(=O)(=O)c1ccc(nc1)-c1nnc([C@H]2C[C@@H](C2)NC(=O)c2ccccn2)n1-c1ccccc1F,9.2,IC50
CCOc1ccc(nc1)-c1nnc([C@H]2C[C@@H](C2)n2c3ccc(cc3[nH]c2=O)C#N)n1-c1ccccc1Cl,9.3,IC50
CCOc1ccc(nc1)-c1nnc(n1-c1ccncc1)C12CC(C1)(C2)NC(=O)c1ccnc2cccnc12,9.4,IC50
OCCN1C(=O)C2(CCN(CC2)c2nc3CCCCc3c(=O)[nH]2)c2c1cc(Cl)cc2Cl,9.5,IC50
COc1ccc(cc1)C(=O)C1CCN(CC1)[C@H]1CCN(Cc2nc3CCOCc3c(=O)[nH]2)C1=O,9.50,IC50
CC(Cc1cccc(n1)C#N)(C#N)c1ccc2c3CCCCc3c(=O)[nH]c2c1,9.55,IC50
CCOc1ccc(nc1)-c1nnc(n1-c1cccnc1)C12CC(C1)(C2)NC(=O)c1ccnc2cccnc12,9.6,IC50
CN1C(=O)C2(CCN(CC2)c2nc3N(C)CCCc3c(=O)[nH]2)c2c1cc(OCC(O)=O)cc2F,9.9,IC50
O=C(CSc1nc2ccccc2c(=O)[nH]1)N[C@H]1CC[C@@H](CC1)n1c2ccc(cc2[nH]c1=O)C#N,9.92,IC50
CN1CCCc2c1nc([nH]c2=O)N1CCN(Cc2ncccn2)CC1,9.95,IC50
Clc1cc2NCC3(CCN(CC3)c3nc4CCCCc4c(=O)[nH]3)c2c(Cl)c1,10,IC50
Cn1ccc2c1nc([nH]c2=O)N1CCC2(CC1)C(=O)N(CCO)c1cc(F)cc(F)c21,10,IC50
O=C(CN1CCC(CC1)C(=O)c1ccc(OCC2CC2)cc1)NCc1nc2CCOCc2c(=O)[nH]1,10,IC50
C[C@@H](C1CC1)N(Cc1nc2CCOCc2c(=O)[nH]1)C(=O)CN1CCC(CC1)C(=O)c1ccc(F)cc1,10,IC50
Fc1ccc(cc1)C(=O)C1CCN(CC(=O)N(C[C@@H]2CCCO2)Cc2nc3CCOCc3c(=O)[nH]2)CC1,10,IC50
Cc1cccc2c1nc([nH]c2=O)-c1ccc(cc1)C(F)(F)F,10,IC50
FC(F)CN(Cc1nc2CCOCc2c(=O)[nH]1)C(=O)CN1CCC(CC1)C(=O)c1ccc(F)cc1,10.2,IC50
COc1ccc(cc1Cl)C(=O)C1CCN(CC(=O)NCc2nc3CCOCc3c(=O)[nH]2)CC1,10.5,IC50
CN1CCCc2c1nc([nH]c2=O)N1CCN(Cc2nccc(Cl)n2)CC1,10.6,IC50
Fc1ccc(cc1)C(=O)C1CCN(CC(=O)N(CC2CC2)Cc2nc3CCOCc3c(=O)[nH]2)CC1,10.7,IC50
CN1CCCc2c1nc([nH]c2=O)N1CCN(Cc2ccccc2C#N)CC1,10.8,IC50
CC1(C)OC(=O)N([C@H]1c1ccccc1)[C@H]1CC[C@@H](CC1)C(=O)Nc1cccc2cccnc12,10.9,IC50
OCCN1CC2(CCN(CC2)c2nc3CCCCc3c(=O)[nH]2)c2c1cc(F)cc2F,11,IC50
CN1C(=O)C2(CCN(CC2)c2nc3N(C)CCCc3c(=O)[nH]2)c2c1cc(cc2F)N1CCOCC1,11,IC50
CN(C)CCOc1cc2N(C)C(=O)C3(CCN(CC3)c3nc4N(C)CCCc4c(=O)[nH]3)c2c(F)c1,11,IC50
CN1C(=O)C2(CCN(CC2)c2nc3N(C)CCCc3c(=O)[nH]2)c2c1cc(F)cc2F,11,IC50
CCCN(Cc1nc2CCOCc2c(=O)[nH]1)C(=O)CN1CCC(CC1)C(=O)c1ccc(F)cc1,11,IC50
CC(C)(O)c1ccc(cc1)-c1nc2ccc(F)cc2c(=O)[nH]1,11,IC50
CC1(C)OC(=O)N([C@H]1c1ccccc1)c1ccc(cc1)C(=O)Nc1ccnc2cccnc12,11,IC50
CN1CCCc2c1nc([nH]c2=O)N1CCN(Cc2ccccn2)CC1,11.6,IC50
CN1CCCc2c1nc([nH]c2=O)N1CCN(Cc2ncccc2O)CC1,11.6,IC50
CN1CCCc2c1nc([nH]c2=O)N1CCN(Cc2nccc(C)n2)CC1,11.7,IC50
O=c1[nH]c(SCCN2CCN(CCCc3nc(no3)-c3ccccc3)CC2)nc2ccccc12,12,IC50
COc1ccc(cc1)C(=O)C1CCN(CC(=O)NCc2nc3CCOCc3c(=O)[nH]2)CC1,12,IC50
CCOc1ccc(nc1)-c1nnc([C@H]2C[C@@H](C2)NC(=O)c2ccccn2)n1-c1ccc(Cl)s1,12,IC50
Fc1ccc2c(NC(=O)C22CCN(CC2)c2nc3CCCCc3c(=O)[nH]2)c1,12,IC50
OCCN1CC2(CCN(CC2)c2nc3CCCCc3c(=O)[nH]2)c2c1cccc2F,12,IC50
COCCN1C(=O)C2(CCN(CC2)c2nc3N(C)CCCc3c(=O)[nH]2)c2c1cc(F)cc2F,12,IC50
CN1CCCc2c1nc([nH]c2=O)N1CCC2(CC1)C(=O)N(CC1COC1)c1cc(F)cc(F)c21,12,IC50
CN1C(=O)C2(CCN(CC2)c2nc3N(C)CCCc3c(=O)[nH]2)c2c1cc(OCCN1CCCC1)cc2F,12,IC50
CN1C(=O)C2(CCN(CC2)c2nc3N(C)CCCc3c(=O)[nH]2)c2c1cc(cc2F)N1CCN(C)CC1,12,IC50
Cn1cc(cn1)C(=O)C1CCN(CC1)C(=O)COCc1nc2ccccc2c(=O)[nH]1,12.0,IC50
COc1ccc(cn1)C(=O)C1CCN(CC1)C(=O)COCc1nc2ccccc2c(=O)[nH]1,12.0,IC50
COc1ccc(cn1)C(=O)C1CCN(CC1)C(=O)COCc1nc2c(F)cc(F)cc2c(=O)[nH]1,12.0,IC50
CC(C)(O)c1ccc(cc1)-c1nc2c(Cl)cccc2c(=O)[nH]1,12,IC50
CN1CCN(CC1)c1ccc(cc1)-c1nc2ccc(F)cc2c(=O)[nH]1,12,IC50
CC(C)Oc1ccc(nc1)-c1nnc([C@H]2C[C@@H](C2)NC(=O)c2ccccn2)n1-c1ccccc1F,12,IC50
COc1ccc(cc1)C(=O)C1CCN(CC(=O)N(CC(F)F)Cc2nc3CCOCc3c(=O)[nH]2)CC1,12,IC50
COc1ccc(cc1C)C(=O)C1CCN(CC(=O)NCc2nc3CCOCc3c(=O)[nH]2)CC1,12,IC50
O=C(CN1CCC(CC1)C(=O)c1ccc(OCCC2CC2)cc1)NCc1nc2CCOCc2c(=O)[nH]1,12,IC50
O=C(CN1CCC(CC1)C(=O)c1ccc(OCC2CCC2)cc1)NCc1nc2CCOCc2c(=O)[nH]1,12,IC50
COc1ccc(cc1)-c1nc2c(C)cccc2c(=O)[nH]1,12,IC50
CN1CCCc2c1nc([nH]c2=O)N1CCN(Cc2ccccc2C)CC1,12.2,IC50
COc1ccnc(CN2CCN(CC2)c2nc3N(C)CCCc3c(=O)[nH]2)n1,12.4,IC50
O=C(CCSc1nc2ccccc2c(=O)[nH]1)N1CCC(CC1)c1nnc(o1)-c1ccccc1,12.5,IC50
O=C(CCCc1nc2ccccc2c(=O)[nH]1)N[C@H]1CC[C@@H](CC1)Oc1ccccc1C#N,12.5,IC50
Fc1ccc(cc1)-c1nnc(o1)[C@H]1CC[C@@H](CC1)NC(=O)CCc1nc2ccccc2c(=O)[nH]1,12.7,IC50
CN1CCCc2c1nc([nH]c2=O)N1CCN(Cc2nccnc2C)CC1,12.7,IC50
CN1CCCc2c1nc([nH]c2=O)N1CCN(Cc2nccnc2Cl)CC1,12.7,IC50
Fc1cccc(c1)-c1nnc(o1)[C@H]1CC[C@@H](CC1)NC(=O)CCc1nc2ccccc2c(=O)[nH]1,12.8,IC50
CCOc1ccc(nc1)-c1nnc([C@H]2C[C@@H](C2)NC(=O)c2ccccn2)n1-c1cccc(Cl)c1,13,IC50
CCOc1ccc(nc1)-c1nnc(n1-c1ccccn1)C12CC(C1)(C2)NC(=O)c1ccnc2cccnc12,13,IC50
Brc1cccc2NC(=O)C3(CCN(CC3)c3nc4CCCCc4c(=O)[nH]3)c12,13,IC50
CN1CCCc2c1nc([nH]c2=O)N1CCC2(CC1)C(=O)N(CC(O)CO)c1cc(F)cc(F)c21,13,IC50
CN(C)c1cc2N(C)C(=O)C3(CCN(CC3)c3nc4N(C)CCCc4c(=O)[nH]3)c2c(F)c1,13,IC50
Cn1cc(cn1)C(=O)C1CCN(CC1)C(=O)COCc1nc2c(F)cccc2c(=O)[nH]1,13.0,IC50
CC[C@@H](C)N(Cc1nc2CCOCc2c(=O)[nH]1)C(=O)CN1CCC(CC1)C(=O)c1ccc(F)cc1,13,IC50
CC(C)(O)c1ccc(cc1)-c1nc2ccccc2c(=O)[nH]1,13,IC50
CN1CCCc2c1nc([nH]c2=O)N1CCN(Cc2cnccn2)CC1,13.0,IC50
CCCOc1ccc(cc1)C(=O)C1CCN(CC(=O)NCc2nc3CCOCc3c(=O)[nH]2)CC1,13,IC50
CC[C@H](C)CN(Cc1nc2CCOCc2c(=O)[nH]1)C(=O)CN1CCC(CC1)C(=O)c1ccc(F)cc1,13,IC50
CC[C@H](C)N(Cc1nc2CCOCc2c(=O)[nH]1)C(=O)CN1CCC(CC1)C(=O)c1ccc(F)cc1,13,IC50
Cc1ccc(NC(=O)c2ccc(NC(=O)N3CCN(CC3)C(=O)c3cc(Cc4n[nH]c(=O)c5ccccc45)ccc3F)cc2)cc1,14,IC50
COCCN(Cc1nc2CCOCc2c(=O)[nH]1)C(=O)CN1CCC(CC1)C(=O)c1ccc(OC)cc1,14,IC50
Fc1ccc(nc1)C(=O)N[C@H]1C[C@@H](C1)c1nnc(-c2ccccn2)n1-c1ccccc1F,14,IC50
Clc1ccc2c(NC(=O)C22CCN(CC2)c2nc3CCCCc3c(=O)[nH]2)c1,14,IC50
CN1CCCc2c1nc([nH]c2=O)N1CCC2(CC1)C(=O)N(CCO)c1cc(F)cc(F)c21,14,IC50
CC(C)(OCCO)c1ccc(cc1)-c1nc2ccc(F)cc2c(=O)[nH]1,14,IC50
CCOc1ccc(nc1)-c1nnc([C@H]2C[C@@H](C2)NC(=O)c2ccccn2)n1-c1ccccc1F,14,IC50
Fc1ccc(cc1)C(=O)C1CCN(CC(=O)N(Cc2nc3CCOCc3c(=O)[nH]2)CC(F)(F)F)CC1,14,IC50
Fc1ccc(cc1)C(=O)C1CCN(CC(=O)N(Cc2nc3CCOCc3c(=O)[nH]2)Cc2ccc(F)cc2F)CC1,14,IC50
Fc1ccc(cc1)C(=O)C1CCN(CC(=O)N(CC#C)Cc2nc3CCOCc3c(=O)[nH]2)CC1,14,IC50
O=C(CCc1nc2ccccc2c(=O)[nH]1)N[C@H]1CC[C@@H](CC1)c1nnc(o1)-c1ccccc1,14,IC50
CC(C)Oc1ccc(cc1)C(=O)C1CCN(CC(=O)NCc2nc3CCOCc3c(=O)[nH]2)CC1,14,IC50
COc1ccc(cc1)C(=O)C1CCN(CC(=O)NCc2nc3CCCCc3c(=O)[nH]2)CC1,14,IC50
O=C(CCc1nc2NCCCc2c(=O)[nH]1)N[C@H]1CC[C@@H](CC1)c1nnc(o1)-c1ccccc1,14.1,IC50
COc1ccccc1CN1CCN(CC1)c1nc2N(C)CCCc2c(=O)[nH]1,14.1,IC50
CC(Cc1ccccc1)(C#N)c1ccc2c3CCCCc3c(=O)[nH]c2c1,14.1,IC50
O=C(CCc1nc2ccccc2c(=O)[nH]1)N[C@H]1CC[C@@H](CC1)c1nnc(o1)-c1ccc(cc1)C#N,14.2,IC50
COc1ccc(cc1)-n1c(SCCCN2C(=O)c3cccc4cccc(C2=O)c34)nnc1-c1ccncc1,15,IC50
COc1ccc(CN(Cc2nc3CCOCc3c(=O)[nH]2)C(=O)CN2CCC(CC2)C(=O)c2ccc(F)cc2)cc1,15,IC50
COc1ccc(cc1)C(=O)C1CCN(CC1)C1CCCN(Cc2nc3CCOCc3c(=O)[nH]2)C1=O,15.0,IC50
O=c1[nH]c(nc2CCCCc12)N1CCC2(COc3ccccc23)CC1,15,IC50
COc1ccc(cc1)C(=O)C1CCN(CC1)C1CCN(Cc2ccc(Cl)c(c2)C#N)C1=O,15,IC50
COc1ccc(cc1)C(=O)C1CCN(CC1)C1CCN(Cc2nc3CCOCc3c(=O)[nH]2)C1=O,15,IC50
O=c1[nH]nc2c3CCCCCCc3[nH]c3cccc1c23,15,IC50
CC#CCOc1ccc(cc1)C(=O)C1CCN(CC(=O)N(CC2CC2)Cc2nc3CCOCc3c(=O)[nH]2)CC1,15,IC50
Oc1cccc2c1nc([nH]c2=O)-c1ccc(Br)cc1,15,IC50
FC(F)CN(Cc1nc2CCOCc2c(=O)[nH]1)C(=O)CN1CCC(CC1)C(=O)c1ccc(OC(F)(F)F)cc1,15,IC50
Fc1ccc2nc(CCC(=O)N[C@H]3CC[C@@H](CC3)c3nnc(o3)-c3ccccc3)[nH]c(=O)c2c1,15.2,IC50
O=c1[nH]nc2c3CCCCCc3[nH]c3cccc1c23,15.4,IC50
O=C(CCCc1nc2ccccc2c(=O)[nH]1)N1CCC(CC1)c1nnc(o1)-c1cnccn1,15.5,IC50
CC1(C)CCc2[nH]c3cccc4c3c(n[nH]c4=O)c2C1,15.6,IC50
O=C(CCCc1nc2ccccc2c(=O)[nH]1)N1CCC(CC1)c1nnc(o1)-c1ccccn1,15.9,IC50
CN1CCCc2c1nc([nH]c2=O)N1CCN(Cc2ncc(F)cn2)CC1,15.9,IC50
Cc1cccc(n1)-c1nnc([C@H]2C[C@@H](C2)NC(=O)c2ccccn2)n1-c1ccccc1F,16,IC50
Brc1cccc2NCC3(CCN(CC3)c3nc4CCCCc4c(=O)[nH]3)c12,16,IC50
OCCN1CC2(CCN(CC2)c2nc3CCCCc3c(=O)[nH]2)c2c1cc(Cl)cc2Cl,16,IC50
CCOc1ccc(cc1F)C(=O)C1CCN(CC(=O)NCc2nc3CCOCc3c(=O)[nH]2)CC1,16,IC50
Fc1ccc(cc1)C(=O)C1CCN(CC(=O)N(Cc2ccc(s2)C#N)Cc2nc3CCOCc3c(=O)[nH]2)CC1,16,IC50
Fc1ccc(cc1)C(=O)C1CCN(CC(=O)N(Cc2ccccc2)Cc2nc3CCOCc3c(=O)[nH]2)CC1,16,IC50
COc1cccc(c1)C(=O)C1CCN(CC(=O)N(CC(F)F)Cc2nc3CCOCc3c(=O)[nH]2)CC1,16,IC50
C[C@@H](N(Cc1nc2CCOCc2c(=O)[nH]1)C(=O)CN1CCC(CC1)C(=O)c1ccc(F)cc1)c1ccccc1,16,IC50
COc1ccc(cc1)C(=O)C1CCN(CC(=O)N(CC2CC2)Cc2nc3CCCCc3c(=O)[nH]2)CC1,16,IC50
CC(N(Cc1nc2CCOCc2c(=O)[nH]1)C(=O)CN1CCC(CC1)C(=O)c1ccc(F)cc1)c1cccs1,16.5,IC50
O=C(CCCc1nc2ccccc2c(=O)[nH]1)N1CCC(CC1)N1C(=O)Cc2ccccc12,16.6,IC50
CN1CCCc2c1nc([nH]c2=O)N1CCN(Cc2ncc(cn2)C(F)(F)F)CC1,16.7,IC50
OCCN1CC2(CCN(CC2)c2nc3CCCCc3c(=O)[nH]2)c2c1cccc2Cl,17,IC50
COc1ccc(cc1)C(=O)C1CCN(CC1)C1CCN(Cc2nc3CCCc3c(=O)[nH]2)C1=O,17,IC50
Fc1ccc(cc1)C(=O)C1CCN(CC1)[C@H]1CCN(Cc2nc3CCOCc3c(=O)[nH]2)C1=O,17.0,IC50
CN1C(=O)C2(CCN(CC2)c2nc3N(C)CCCc3c(=O)[nH]2)c2c1cc(OCCN1CCOCC1)cc2F,17,IC50
FC(F)CN(Cc1nc2CCOCc2c(=O)[nH]1)C(=O)CN1CCC(CC1)C(=O)c1ccc(cc1)C(F)(F)F,17,IC50
O=C(CCc1nc2ccccc2c(=O)[nH]1)N[C@H]1CC[C@@H](CC1)c1nnc(o1)-c1ccncc1,17,IC50
Cn1c2ccccc2n(C2CCN(CC2)C(=O)CCCc2nc3ccccc3c(=O)[nH]2)c1=O,17,IC50
CC(Cc1cccc(c1)C#N)(C#N)c1ccc2c3CCCCc3c(=O)[nH]c2c1,17.4,IC50
O=c1[nH]nc2c3CCCc3[nH]c3cccc1c23,17.5,IC50
Clc1ccccc1-c1nnc(o1)C1CCN(CC1)C(=O)CCCc1nc2ccccc2c(=O)[nH]1,17.9,IC50
O=C1Oc2ccccc2C11CCN(CC1)c1nc2CCCCc2c(=O)[nH]1,18,IC50
